reference_date,target_end_date,horizon,location,target,output_type,output_type_id,value
2025-12-20,2025-12-13,-1,ab,pct wk covid lab det,quantile,0.025,2.1
2025-12-20,2025-12-13,-1,ab,pct wk covid lab det,quantile,0.1,2.8
2025-12-20,2025-12-13,-1,ab,pct wk covid lab det,quantile,0.25,3.5
2025-12-20,2025-12-13,-1,ab,pct wk covid lab det,quantile,0.5,4.2
2025-12-20,2025-12-13,-1,ab,pct wk covid lab det,quantile,0.75,5
2025-12-20,2025-12-13,-1,ab,pct wk covid lab det,quantile,0.9,5.6
2025-12-20,2025-12-13,-1,ab,pct wk covid lab det,quantile,0.975,6.4
2025-12-20,2025-12-20,0,ab,pct wk covid lab det,quantile,0.025,2.2
2025-12-20,2025-12-20,0,ab,pct wk covid lab det,quantile,0.1,2.9
2025-12-20,2025-12-20,0,ab,pct wk covid lab det,quantile,0.25,3.4
2025-12-20,2025-12-20,0,ab,pct wk covid lab det,quantile,0.5,3.9
2025-12-20,2025-12-20,0,ab,pct wk covid lab det,quantile,0.75,4.5
2025-12-20,2025-12-20,0,ab,pct wk covid lab det,quantile,0.9,5.1
2025-12-20,2025-12-20,0,ab,pct wk covid lab det,quantile,0.975,5.8
2025-12-20,2025-12-27,1,ab,pct wk covid lab det,quantile,0.025,2.4
2025-12-20,2025-12-27,1,ab,pct wk covid lab det,quantile,0.1,2.9
2025-12-20,2025-12-27,1,ab,pct wk covid lab det,quantile,0.25,3.4
2025-12-20,2025-12-27,1,ab,pct wk covid lab det,quantile,0.5,4
2025-12-20,2025-12-27,1,ab,pct wk covid lab det,quantile,0.75,4.5
2025-12-20,2025-12-27,1,ab,pct wk covid lab det,quantile,0.9,5
2025-12-20,2025-12-27,1,ab,pct wk covid lab det,quantile,0.975,5.7
2025-12-20,2026-01-03,2,ab,pct wk covid lab det,quantile,0.025,2.2
2025-12-20,2026-01-03,2,ab,pct wk covid lab det,quantile,0.1,2.9
2025-12-20,2026-01-03,2,ab,pct wk covid lab det,quantile,0.25,3.5
2025-12-20,2026-01-03,2,ab,pct wk covid lab det,quantile,0.5,4
2025-12-20,2026-01-03,2,ab,pct wk covid lab det,quantile,0.75,4.6
2025-12-20,2026-01-03,2,ab,pct wk covid lab det,quantile,0.9,5.2
2025-12-20,2026-01-03,2,ab,pct wk covid lab det,quantile,0.975,6
2025-12-20,2026-01-10,3,ab,pct wk covid lab det,quantile,0.025,2.2
2025-12-20,2026-01-10,3,ab,pct wk covid lab det,quantile,0.1,2.8
2025-12-20,2026-01-10,3,ab,pct wk covid lab det,quantile,0.25,3.4
2025-12-20,2026-01-10,3,ab,pct wk covid lab det,quantile,0.5,4.2
2025-12-20,2026-01-10,3,ab,pct wk covid lab det,quantile,0.75,4.8
2025-12-20,2026-01-10,3,ab,pct wk covid lab det,quantile,0.9,5.4
2025-12-20,2026-01-10,3,ab,pct wk covid lab det,quantile,0.975,6.5
2025-12-20,2025-12-13,-1,atlantic,pct wk covid lab det,quantile,0.025,3.6
2025-12-20,2025-12-13,-1,atlantic,pct wk covid lab det,quantile,0.1,4.5
2025-12-20,2025-12-13,-1,atlantic,pct wk covid lab det,quantile,0.25,5.3
2025-12-20,2025-12-13,-1,atlantic,pct wk covid lab det,quantile,0.5,6.3
2025-12-20,2025-12-13,-1,atlantic,pct wk covid lab det,quantile,0.75,7.2
2025-12-20,2025-12-13,-1,atlantic,pct wk covid lab det,quantile,0.9,8
2025-12-20,2025-12-13,-1,atlantic,pct wk covid lab det,quantile,0.975,8.9
2025-12-20,2025-12-20,0,atlantic,pct wk covid lab det,quantile,0.025,4.2
2025-12-20,2025-12-20,0,atlantic,pct wk covid lab det,quantile,0.1,4.9
2025-12-20,2025-12-20,0,atlantic,pct wk covid lab det,quantile,0.25,5.7
2025-12-20,2025-12-20,0,atlantic,pct wk covid lab det,quantile,0.5,6.5
2025-12-20,2025-12-20,0,atlantic,pct wk covid lab det,quantile,0.75,7.4
2025-12-20,2025-12-20,0,atlantic,pct wk covid lab det,quantile,0.9,8
2025-12-20,2025-12-20,0,atlantic,pct wk covid lab det,quantile,0.975,9
2025-12-20,2025-12-27,1,atlantic,pct wk covid lab det,quantile,0.025,4.2
2025-12-20,2025-12-27,1,atlantic,pct wk covid lab det,quantile,0.1,5
2025-12-20,2025-12-27,1,atlantic,pct wk covid lab det,quantile,0.25,5.7
2025-12-20,2025-12-27,1,atlantic,pct wk covid lab det,quantile,0.5,6.6
2025-12-20,2025-12-27,1,atlantic,pct wk covid lab det,quantile,0.75,7.4
2025-12-20,2025-12-27,1,atlantic,pct wk covid lab det,quantile,0.9,8.2
2025-12-20,2025-12-27,1,atlantic,pct wk covid lab det,quantile,0.975,9.2
2025-12-20,2026-01-03,2,atlantic,pct wk covid lab det,quantile,0.025,3.8
2025-12-20,2026-01-03,2,atlantic,pct wk covid lab det,quantile,0.1,4.7
2025-12-20,2026-01-03,2,atlantic,pct wk covid lab det,quantile,0.25,5.4
2025-12-20,2026-01-03,2,atlantic,pct wk covid lab det,quantile,0.5,6.4
2025-12-20,2026-01-03,2,atlantic,pct wk covid lab det,quantile,0.75,7.4
2025-12-20,2026-01-03,2,atlantic,pct wk covid lab det,quantile,0.9,8.2
2025-12-20,2026-01-03,2,atlantic,pct wk covid lab det,quantile,0.975,9.5
2025-12-20,2026-01-10,3,atlantic,pct wk covid lab det,quantile,0.025,3.6
2025-12-20,2026-01-10,3,atlantic,pct wk covid lab det,quantile,0.1,4.3
2025-12-20,2026-01-10,3,atlantic,pct wk covid lab det,quantile,0.25,5.1
2025-12-20,2026-01-10,3,atlantic,pct wk covid lab det,quantile,0.5,5.9
2025-12-20,2026-01-10,3,atlantic,pct wk covid lab det,quantile,0.75,6.8
2025-12-20,2026-01-10,3,atlantic,pct wk covid lab det,quantile,0.9,7.7
2025-12-20,2026-01-10,3,atlantic,pct wk covid lab det,quantile,0.975,8.9
2025-12-20,2025-12-13,-1,bc,pct wk covid lab det,quantile,0.025,0.2
2025-12-20,2025-12-13,-1,bc,pct wk covid lab det,quantile,0.1,0.9
2025-12-20,2025-12-13,-1,bc,pct wk covid lab det,quantile,0.25,1.8
2025-12-20,2025-12-13,-1,bc,pct wk covid lab det,quantile,0.5,2.7
2025-12-20,2025-12-13,-1,bc,pct wk covid lab det,quantile,0.75,3.5
2025-12-20,2025-12-13,-1,bc,pct wk covid lab det,quantile,0.9,4.4
2025-12-20,2025-12-13,-1,bc,pct wk covid lab det,quantile,0.975,5.1
2025-12-20,2025-12-20,0,bc,pct wk covid lab det,quantile,0.025,1.2
2025-12-20,2025-12-20,0,bc,pct wk covid lab det,quantile,0.1,1.8
2025-12-20,2025-12-20,0,bc,pct wk covid lab det,quantile,0.25,2.1
2025-12-20,2025-12-20,0,bc,pct wk covid lab det,quantile,0.5,2.6
2025-12-20,2025-12-20,0,bc,pct wk covid lab det,quantile,0.75,3
2025-12-20,2025-12-20,0,bc,pct wk covid lab det,quantile,0.9,3.5
2025-12-20,2025-12-20,0,bc,pct wk covid lab det,quantile,0.975,4.2
2025-12-20,2025-12-27,1,bc,pct wk covid lab det,quantile,0.025,1
2025-12-20,2025-12-27,1,bc,pct wk covid lab det,quantile,0.1,1.5
2025-12-20,2025-12-27,1,bc,pct wk covid lab det,quantile,0.25,1.9
2025-12-20,2025-12-27,1,bc,pct wk covid lab det,quantile,0.5,2.5
2025-12-20,2025-12-27,1,bc,pct wk covid lab det,quantile,0.75,2.9
2025-12-20,2025-12-27,1,bc,pct wk covid lab det,quantile,0.9,3.4
2025-12-20,2025-12-27,1,bc,pct wk covid lab det,quantile,0.975,3.9
2025-12-20,2026-01-03,2,bc,pct wk covid lab det,quantile,0.025,0.8
2025-12-20,2026-01-03,2,bc,pct wk covid lab det,quantile,0.1,1.3
2025-12-20,2026-01-03,2,bc,pct wk covid lab det,quantile,0.25,1.7
2025-12-20,2026-01-03,2,bc,pct wk covid lab det,quantile,0.5,2.1
2025-12-20,2026-01-03,2,bc,pct wk covid lab det,quantile,0.75,2.6
2025-12-20,2026-01-03,2,bc,pct wk covid lab det,quantile,0.9,3
2025-12-20,2026-01-03,2,bc,pct wk covid lab det,quantile,0.975,3.6
2025-12-20,2026-01-10,3,bc,pct wk covid lab det,quantile,0.025,0.9
2025-12-20,2026-01-10,3,bc,pct wk covid lab det,quantile,0.1,1.6
2025-12-20,2026-01-10,3,bc,pct wk covid lab det,quantile,0.25,2.3
2025-12-20,2026-01-10,3,bc,pct wk covid lab det,quantile,0.5,2.8
2025-12-20,2026-01-10,3,bc,pct wk covid lab det,quantile,0.75,3.4
2025-12-20,2026-01-10,3,bc,pct wk covid lab det,quantile,0.9,4.2
2025-12-20,2026-01-10,3,bc,pct wk covid lab det,quantile,0.975,4.9
2025-12-20,2025-12-13,-1,ca,pct wk covid lab det,quantile,0.025,3.1
2025-12-20,2025-12-13,-1,ca,pct wk covid lab det,quantile,0.1,3.7
2025-12-20,2025-12-13,-1,ca,pct wk covid lab det,quantile,0.25,4.3
2025-12-20,2025-12-13,-1,ca,pct wk covid lab det,quantile,0.5,5
2025-12-20,2025-12-13,-1,ca,pct wk covid lab det,quantile,0.75,5.6
2025-12-20,2025-12-13,-1,ca,pct wk covid lab det,quantile,0.9,6.1
2025-12-20,2025-12-13,-1,ca,pct wk covid lab det,quantile,0.975,6.8
2025-12-20,2025-12-20,0,ca,pct wk covid lab det,quantile,0.025,3.5
2025-12-20,2025-12-20,0,ca,pct wk covid lab det,quantile,0.1,4
2025-12-20,2025-12-20,0,ca,pct wk covid lab det,quantile,0.25,4.5
2025-12-20,2025-12-20,0,ca,pct wk covid lab det,quantile,0.5,4.9
2025-12-20,2025-12-20,0,ca,pct wk covid lab det,quantile,0.75,5.4
2025-12-20,2025-12-20,0,ca,pct wk covid lab det,quantile,0.9,5.9
2025-12-20,2025-12-20,0,ca,pct wk covid lab det,quantile,0.975,6.5
2025-12-20,2025-12-27,1,ca,pct wk covid lab det,quantile,0.025,3.8
2025-12-20,2025-12-27,1,ca,pct wk covid lab det,quantile,0.1,4.3
2025-12-20,2025-12-27,1,ca,pct wk covid lab det,quantile,0.25,4.9
2025-12-20,2025-12-27,1,ca,pct wk covid lab det,quantile,0.5,5.4
2025-12-20,2025-12-27,1,ca,pct wk covid lab det,quantile,0.75,6
2025-12-20,2025-12-27,1,ca,pct wk covid lab det,quantile,0.9,6.5
2025-12-20,2025-12-27,1,ca,pct wk covid lab det,quantile,0.975,7
2025-12-20,2026-01-03,2,ca,pct wk covid lab det,quantile,0.025,3.6
2025-12-20,2026-01-03,2,ca,pct wk covid lab det,quantile,0.1,4.1
2025-12-20,2026-01-03,2,ca,pct wk covid lab det,quantile,0.25,4.7
2025-12-20,2026-01-03,2,ca,pct wk covid lab det,quantile,0.5,5.2
2025-12-20,2026-01-03,2,ca,pct wk covid lab det,quantile,0.75,6
2025-12-20,2026-01-03,2,ca,pct wk covid lab det,quantile,0.9,6.5
2025-12-20,2026-01-03,2,ca,pct wk covid lab det,quantile,0.975,7.3
2025-12-20,2026-01-10,3,ca,pct wk covid lab det,quantile,0.025,3.1
2025-12-20,2026-01-10,3,ca,pct wk covid lab det,quantile,0.1,3.6
2025-12-20,2026-01-10,3,ca,pct wk covid lab det,quantile,0.25,4.2
2025-12-20,2026-01-10,3,ca,pct wk covid lab det,quantile,0.5,4.8
2025-12-20,2026-01-10,3,ca,pct wk covid lab det,quantile,0.75,5.4
2025-12-20,2026-01-10,3,ca,pct wk covid lab det,quantile,0.9,6.1
2025-12-20,2026-01-10,3,ca,pct wk covid lab det,quantile,0.975,6.9
2025-12-20,2025-12-13,-1,mb,pct wk covid lab det,quantile,0.025,0
2025-12-20,2025-12-13,-1,mb,pct wk covid lab det,quantile,0.1,0.3
2025-12-20,2025-12-13,-1,mb,pct wk covid lab det,quantile,0.25,2
2025-12-20,2025-12-13,-1,mb,pct wk covid lab det,quantile,0.5,3.8
2025-12-20,2025-12-13,-1,mb,pct wk covid lab det,quantile,0.75,5.6
2025-12-20,2025-12-13,-1,mb,pct wk covid lab det,quantile,0.9,7.2
2025-12-20,2025-12-13,-1,mb,pct wk covid lab det,quantile,0.975,8.8
2025-12-20,2025-12-20,0,mb,pct wk covid lab det,quantile,0.025,0
2025-12-20,2025-12-20,0,mb,pct wk covid lab det,quantile,0.1,0.8
2025-12-20,2025-12-20,0,mb,pct wk covid lab det,quantile,0.25,1.9
2025-12-20,2025-12-20,0,mb,pct wk covid lab det,quantile,0.5,3
2025-12-20,2025-12-20,0,mb,pct wk covid lab det,quantile,0.75,4.1
2025-12-20,2025-12-20,0,mb,pct wk covid lab det,quantile,0.9,5.1
2025-12-20,2025-12-20,0,mb,pct wk covid lab det,quantile,0.975,6.4
2025-12-20,2025-12-27,1,mb,pct wk covid lab det,quantile,0.025,0
2025-12-20,2025-12-27,1,mb,pct wk covid lab det,quantile,0.1,0.9
2025-12-20,2025-12-27,1,mb,pct wk covid lab det,quantile,0.25,2.2
2025-12-20,2025-12-27,1,mb,pct wk covid lab det,quantile,0.5,3.6
2025-12-20,2025-12-27,1,mb,pct wk covid lab det,quantile,0.75,5
2025-12-20,2025-12-27,1,mb,pct wk covid lab det,quantile,0.9,6.5
2025-12-20,2025-12-27,1,mb,pct wk covid lab det,quantile,0.975,8.3
2025-12-20,2026-01-03,2,mb,pct wk covid lab det,quantile,0.025,0
2025-12-20,2026-01-03,2,mb,pct wk covid lab det,quantile,0.1,0.9
2025-12-20,2026-01-03,2,mb,pct wk covid lab det,quantile,0.25,2
2025-12-20,2026-01-03,2,mb,pct wk covid lab det,quantile,0.5,3.4
2025-12-20,2026-01-03,2,mb,pct wk covid lab det,quantile,0.75,4.5
2025-12-20,2026-01-03,2,mb,pct wk covid lab det,quantile,0.9,5.8
2025-12-20,2026-01-03,2,mb,pct wk covid lab det,quantile,0.975,7.6
2025-12-20,2026-01-10,3,mb,pct wk covid lab det,quantile,0.025,0
2025-12-20,2026-01-10,3,mb,pct wk covid lab det,quantile,0.1,1
2025-12-20,2026-01-10,3,mb,pct wk covid lab det,quantile,0.25,2.3
2025-12-20,2026-01-10,3,mb,pct wk covid lab det,quantile,0.5,3.5
2025-12-20,2026-01-10,3,mb,pct wk covid lab det,quantile,0.75,5.1
2025-12-20,2026-01-10,3,mb,pct wk covid lab det,quantile,0.9,6.5
2025-12-20,2026-01-10,3,mb,pct wk covid lab det,quantile,0.975,8.1
2025-12-20,2025-12-13,-1,nb,pct wk covid lab det,quantile,0.025,4
2025-12-20,2025-12-13,-1,nb,pct wk covid lab det,quantile,0.1,5
2025-12-20,2025-12-13,-1,nb,pct wk covid lab det,quantile,0.25,5.8
2025-12-20,2025-12-13,-1,nb,pct wk covid lab det,quantile,0.5,6.7
2025-12-20,2025-12-13,-1,nb,pct wk covid lab det,quantile,0.75,7.8
2025-12-20,2025-12-13,-1,nb,pct wk covid lab det,quantile,0.9,8.6
2025-12-20,2025-12-13,-1,nb,pct wk covid lab det,quantile,0.975,9.4
2025-12-20,2025-12-20,0,nb,pct wk covid lab det,quantile,0.025,3.1
2025-12-20,2025-12-20,0,nb,pct wk covid lab det,quantile,0.1,3.8
2025-12-20,2025-12-20,0,nb,pct wk covid lab det,quantile,0.25,4.4
2025-12-20,2025-12-20,0,nb,pct wk covid lab det,quantile,0.5,5.2
2025-12-20,2025-12-20,0,nb,pct wk covid lab det,quantile,0.75,5.8
2025-12-20,2025-12-20,0,nb,pct wk covid lab det,quantile,0.9,6.5
2025-12-20,2025-12-20,0,nb,pct wk covid lab det,quantile,0.975,7.2
2025-12-20,2025-12-27,1,nb,pct wk covid lab det,quantile,0.025,3
2025-12-20,2025-12-27,1,nb,pct wk covid lab det,quantile,0.1,3.7
2025-12-20,2025-12-27,1,nb,pct wk covid lab det,quantile,0.25,4.2
2025-12-20,2025-12-27,1,nb,pct wk covid lab det,quantile,0.5,4.9
2025-12-20,2025-12-27,1,nb,pct wk covid lab det,quantile,0.75,5.7
2025-12-20,2025-12-27,1,nb,pct wk covid lab det,quantile,0.9,6.4
2025-12-20,2025-12-27,1,nb,pct wk covid lab det,quantile,0.975,7.3
2025-12-20,2026-01-03,2,nb,pct wk covid lab det,quantile,0.025,2.8
2025-12-20,2026-01-03,2,nb,pct wk covid lab det,quantile,0.1,3.4
2025-12-20,2026-01-03,2,nb,pct wk covid lab det,quantile,0.25,4
2025-12-20,2026-01-03,2,nb,pct wk covid lab det,quantile,0.5,4.7
2025-12-20,2026-01-03,2,nb,pct wk covid lab det,quantile,0.75,5.5
2025-12-20,2026-01-03,2,nb,pct wk covid lab det,quantile,0.9,6.2
2025-12-20,2026-01-03,2,nb,pct wk covid lab det,quantile,0.975,7.1
2025-12-20,2026-01-10,3,nb,pct wk covid lab det,quantile,0.025,2.7
2025-12-20,2026-01-10,3,nb,pct wk covid lab det,quantile,0.1,3.2
2025-12-20,2026-01-10,3,nb,pct wk covid lab det,quantile,0.25,3.7
2025-12-20,2026-01-10,3,nb,pct wk covid lab det,quantile,0.5,4.4
2025-12-20,2026-01-10,3,nb,pct wk covid lab det,quantile,0.75,5.1
2025-12-20,2026-01-10,3,nb,pct wk covid lab det,quantile,0.9,5.9
2025-12-20,2026-01-10,3,nb,pct wk covid lab det,quantile,0.975,7
2025-12-20,2025-12-13,-1,nl,pct wk covid lab det,quantile,0.025,0.1
2025-12-20,2025-12-13,-1,nl,pct wk covid lab det,quantile,0.1,2.3
2025-12-20,2025-12-13,-1,nl,pct wk covid lab det,quantile,0.25,3.8
2025-12-20,2025-12-13,-1,nl,pct wk covid lab det,quantile,0.5,5.6
2025-12-20,2025-12-13,-1,nl,pct wk covid lab det,quantile,0.75,7.5
2025-12-20,2025-12-13,-1,nl,pct wk covid lab det,quantile,0.9,9.2
2025-12-20,2025-12-13,-1,nl,pct wk covid lab det,quantile,0.975,11.1
2025-12-20,2025-12-20,0,nl,pct wk covid lab det,quantile,0.025,0
2025-12-20,2025-12-20,0,nl,pct wk covid lab det,quantile,0.1,2.1
2025-12-20,2025-12-20,0,nl,pct wk covid lab det,quantile,0.25,3.7
2025-12-20,2025-12-20,0,nl,pct wk covid lab det,quantile,0.5,5.8
2025-12-20,2025-12-20,0,nl,pct wk covid lab det,quantile,0.75,7.5
2025-12-20,2025-12-20,0,nl,pct wk covid lab det,quantile,0.9,9.4
2025-12-20,2025-12-20,0,nl,pct wk covid lab det,quantile,0.975,11.8
2025-12-20,2025-12-27,1,nl,pct wk covid lab det,quantile,0.025,0.5
2025-12-20,2025-12-27,1,nl,pct wk covid lab det,quantile,0.1,2.5
2025-12-20,2025-12-27,1,nl,pct wk covid lab det,quantile,0.25,4.1
2025-12-20,2025-12-27,1,nl,pct wk covid lab det,quantile,0.5,5.9
2025-12-20,2025-12-27,1,nl,pct wk covid lab det,quantile,0.75,7.9
2025-12-20,2025-12-27,1,nl,pct wk covid lab det,quantile,0.9,9.9
2025-12-20,2025-12-27,1,nl,pct wk covid lab det,quantile,0.975,12.9
2025-12-20,2026-01-03,2,nl,pct wk covid lab det,quantile,0.025,0
2025-12-20,2026-01-03,2,nl,pct wk covid lab det,quantile,0.1,1.9
2025-12-20,2026-01-03,2,nl,pct wk covid lab det,quantile,0.25,3.7
2025-12-20,2026-01-03,2,nl,pct wk covid lab det,quantile,0.5,5.8
2025-12-20,2026-01-03,2,nl,pct wk covid lab det,quantile,0.75,7.8
2025-12-20,2026-01-03,2,nl,pct wk covid lab det,quantile,0.9,9.8
2025-12-20,2026-01-03,2,nl,pct wk covid lab det,quantile,0.975,12.2
2025-12-20,2026-01-10,3,nl,pct wk covid lab det,quantile,0.025,0
2025-12-20,2026-01-10,3,nl,pct wk covid lab det,quantile,0.1,3
2025-12-20,2026-01-10,3,nl,pct wk covid lab det,quantile,0.25,4.6
2025-12-20,2026-01-10,3,nl,pct wk covid lab det,quantile,0.5,6.6
2025-12-20,2026-01-10,3,nl,pct wk covid lab det,quantile,0.75,9
2025-12-20,2026-01-10,3,nl,pct wk covid lab det,quantile,0.9,11.4
2025-12-20,2026-01-10,3,nl,pct wk covid lab det,quantile,0.975,14.8
2025-12-20,2025-12-13,-1,ns,pct wk covid lab det,quantile,0.025,0.5
2025-12-20,2025-12-13,-1,ns,pct wk covid lab det,quantile,0.1,2.3
2025-12-20,2025-12-13,-1,ns,pct wk covid lab det,quantile,0.25,4.2
2025-12-20,2025-12-13,-1,ns,pct wk covid lab det,quantile,0.5,6.1
2025-12-20,2025-12-13,-1,ns,pct wk covid lab det,quantile,0.75,8.1
2025-12-20,2025-12-13,-1,ns,pct wk covid lab det,quantile,0.9,9.7
2025-12-20,2025-12-13,-1,ns,pct wk covid lab det,quantile,0.975,11.7
2025-12-20,2025-12-20,0,ns,pct wk covid lab det,quantile,0.025,1.7
2025-12-20,2025-12-20,0,ns,pct wk covid lab det,quantile,0.1,3.6
2025-12-20,2025-12-20,0,ns,pct wk covid lab det,quantile,0.25,5
2025-12-20,2025-12-20,0,ns,pct wk covid lab det,quantile,0.5,6.4
2025-12-20,2025-12-20,0,ns,pct wk covid lab det,quantile,0.75,8.1
2025-12-20,2025-12-20,0,ns,pct wk covid lab det,quantile,0.9,9.7
2025-12-20,2025-12-20,0,ns,pct wk covid lab det,quantile,0.975,11.9
2025-12-20,2025-12-27,1,ns,pct wk covid lab det,quantile,0.025,1.6
2025-12-20,2025-12-27,1,ns,pct wk covid lab det,quantile,0.1,3.6
2025-12-20,2025-12-27,1,ns,pct wk covid lab det,quantile,0.25,4.7
2025-12-20,2025-12-27,1,ns,pct wk covid lab det,quantile,0.5,6.1
2025-12-20,2025-12-27,1,ns,pct wk covid lab det,quantile,0.75,7.5
2025-12-20,2025-12-27,1,ns,pct wk covid lab det,quantile,0.9,8.7
2025-12-20,2025-12-27,1,ns,pct wk covid lab det,quantile,0.975,10.5
2025-12-20,2026-01-03,2,ns,pct wk covid lab det,quantile,0.025,1.3
2025-12-20,2026-01-03,2,ns,pct wk covid lab det,quantile,0.1,2.8
2025-12-20,2026-01-03,2,ns,pct wk covid lab det,quantile,0.25,4.2
2025-12-20,2026-01-03,2,ns,pct wk covid lab det,quantile,0.5,5.6
2025-12-20,2026-01-03,2,ns,pct wk covid lab det,quantile,0.75,7
2025-12-20,2026-01-03,2,ns,pct wk covid lab det,quantile,0.9,8.6
2025-12-20,2026-01-03,2,ns,pct wk covid lab det,quantile,0.975,10.9
2025-12-20,2026-01-10,3,ns,pct wk covid lab det,quantile,0.025,2
2025-12-20,2026-01-10,3,ns,pct wk covid lab det,quantile,0.1,3.2
2025-12-20,2026-01-10,3,ns,pct wk covid lab det,quantile,0.25,4.3
2025-12-20,2026-01-10,3,ns,pct wk covid lab det,quantile,0.5,5.7
2025-12-20,2026-01-10,3,ns,pct wk covid lab det,quantile,0.75,7.1
2025-12-20,2026-01-10,3,ns,pct wk covid lab det,quantile,0.9,8.4
2025-12-20,2026-01-10,3,ns,pct wk covid lab det,quantile,0.975,10.7
2025-12-20,2025-12-13,-1,on,pct wk covid lab det,quantile,0.025,1.2
2025-12-20,2025-12-13,-1,on,pct wk covid lab det,quantile,0.1,2.3
2025-12-20,2025-12-13,-1,on,pct wk covid lab det,quantile,0.25,3.3
2025-12-20,2025-12-13,-1,on,pct wk covid lab det,quantile,0.5,4.3
2025-12-20,2025-12-13,-1,on,pct wk covid lab det,quantile,0.75,5.3
2025-12-20,2025-12-13,-1,on,pct wk covid lab det,quantile,0.9,6.3
2025-12-20,2025-12-13,-1,on,pct wk covid lab det,quantile,0.975,7.3
2025-12-20,2025-12-20,0,on,pct wk covid lab det,quantile,0.025,1.9
2025-12-20,2025-12-20,0,on,pct wk covid lab det,quantile,0.1,2.7
2025-12-20,2025-12-20,0,on,pct wk covid lab det,quantile,0.25,3.4
2025-12-20,2025-12-20,0,on,pct wk covid lab det,quantile,0.5,4.1
2025-12-20,2025-12-20,0,on,pct wk covid lab det,quantile,0.75,4.7
2025-12-20,2025-12-20,0,on,pct wk covid lab det,quantile,0.9,5.3
2025-12-20,2025-12-20,0,on,pct wk covid lab det,quantile,0.975,6
2025-12-20,2025-12-27,1,on,pct wk covid lab det,quantile,0.025,1.9
2025-12-20,2025-12-27,1,on,pct wk covid lab det,quantile,0.1,2.5
2025-12-20,2025-12-27,1,on,pct wk covid lab det,quantile,0.25,3
2025-12-20,2025-12-27,1,on,pct wk covid lab det,quantile,0.5,3.8
2025-12-20,2025-12-27,1,on,pct wk covid lab det,quantile,0.75,4.4
2025-12-20,2025-12-27,1,on,pct wk covid lab det,quantile,0.9,4.9
2025-12-20,2025-12-27,1,on,pct wk covid lab det,quantile,0.975,5.7
2025-12-20,2026-01-03,2,on,pct wk covid lab det,quantile,0.025,1.8
2025-12-20,2026-01-03,2,on,pct wk covid lab det,quantile,0.1,2.5
2025-12-20,2026-01-03,2,on,pct wk covid lab det,quantile,0.25,3.1
2025-12-20,2026-01-03,2,on,pct wk covid lab det,quantile,0.5,3.7
2025-12-20,2026-01-03,2,on,pct wk covid lab det,quantile,0.75,4.4
2025-12-20,2026-01-03,2,on,pct wk covid lab det,quantile,0.9,5.1
2025-12-20,2026-01-03,2,on,pct wk covid lab det,quantile,0.975,5.9
2025-12-20,2026-01-10,3,on,pct wk covid lab det,quantile,0.025,1.7
2025-12-20,2026-01-10,3,on,pct wk covid lab det,quantile,0.1,2.3
2025-12-20,2026-01-10,3,on,pct wk covid lab det,quantile,0.25,3
2025-12-20,2026-01-10,3,on,pct wk covid lab det,quantile,0.5,3.7
2025-12-20,2026-01-10,3,on,pct wk covid lab det,quantile,0.75,4.4
2025-12-20,2026-01-10,3,on,pct wk covid lab det,quantile,0.9,5.2
2025-12-20,2026-01-10,3,on,pct wk covid lab det,quantile,0.975,6.2
2025-12-20,2025-12-13,-1,pe,pct wk covid lab det,quantile,0.025,0
2025-12-20,2025-12-13,-1,pe,pct wk covid lab det,quantile,0.1,0
2025-12-20,2025-12-13,-1,pe,pct wk covid lab det,quantile,0.25,1.8
2025-12-20,2025-12-13,-1,pe,pct wk covid lab det,quantile,0.5,6
2025-12-20,2025-12-13,-1,pe,pct wk covid lab det,quantile,0.75,10.3
2025-12-20,2025-12-13,-1,pe,pct wk covid lab det,quantile,0.9,13.9
2025-12-20,2025-12-13,-1,pe,pct wk covid lab det,quantile,0.975,18.4
2025-12-20,2025-12-20,0,pe,pct wk covid lab det,quantile,0.025,0
2025-12-20,2025-12-20,0,pe,pct wk covid lab det,quantile,0.1,0
2025-12-20,2025-12-20,0,pe,pct wk covid lab det,quantile,0.25,2.7
2025-12-20,2025-12-20,0,pe,pct wk covid lab det,quantile,0.5,7.1
2025-12-20,2025-12-20,0,pe,pct wk covid lab det,quantile,0.75,11.6
2025-12-20,2025-12-20,0,pe,pct wk covid lab det,quantile,0.9,16.4
2025-12-20,2025-12-20,0,pe,pct wk covid lab det,quantile,0.975,22.3
2025-12-20,2025-12-27,1,pe,pct wk covid lab det,quantile,0.025,0
2025-12-20,2025-12-27,1,pe,pct wk covid lab det,quantile,0.1,0
2025-12-20,2025-12-27,1,pe,pct wk covid lab det,quantile,0.25,2.6
2025-12-20,2025-12-27,1,pe,pct wk covid lab det,quantile,0.5,6.4
2025-12-20,2025-12-27,1,pe,pct wk covid lab det,quantile,0.75,10.6
2025-12-20,2025-12-27,1,pe,pct wk covid lab det,quantile,0.9,15
2025-12-20,2025-12-27,1,pe,pct wk covid lab det,quantile,0.975,21.7
2025-12-20,2026-01-03,2,pe,pct wk covid lab det,quantile,0.025,0
2025-12-20,2026-01-03,2,pe,pct wk covid lab det,quantile,0.1,0
2025-12-20,2026-01-03,2,pe,pct wk covid lab det,quantile,0.25,3.1
2025-12-20,2026-01-03,2,pe,pct wk covid lab det,quantile,0.5,8.5
2025-12-20,2026-01-03,2,pe,pct wk covid lab det,quantile,0.75,14.4
2025-12-20,2026-01-03,2,pe,pct wk covid lab det,quantile,0.9,23.2
2025-12-20,2026-01-03,2,pe,pct wk covid lab det,quantile,0.975,30.7
2025-12-20,2026-01-10,3,pe,pct wk covid lab det,quantile,0.025,0
2025-12-20,2026-01-10,3,pe,pct wk covid lab det,quantile,0.1,0
2025-12-20,2026-01-10,3,pe,pct wk covid lab det,quantile,0.25,2.3
2025-12-20,2026-01-10,3,pe,pct wk covid lab det,quantile,0.5,6
2025-12-20,2026-01-10,3,pe,pct wk covid lab det,quantile,0.75,9.8
2025-12-20,2026-01-10,3,pe,pct wk covid lab det,quantile,0.9,14.3
2025-12-20,2026-01-10,3,pe,pct wk covid lab det,quantile,0.975,21.1
2025-12-20,2025-12-13,-1,prairies,pct wk covid lab det,quantile,0.025,2.2
2025-12-20,2025-12-13,-1,prairies,pct wk covid lab det,quantile,0.1,3
2025-12-20,2025-12-13,-1,prairies,pct wk covid lab det,quantile,0.25,3.6
2025-12-20,2025-12-13,-1,prairies,pct wk covid lab det,quantile,0.5,4.3
2025-12-20,2025-12-13,-1,prairies,pct wk covid lab det,quantile,0.75,5.1
2025-12-20,2025-12-13,-1,prairies,pct wk covid lab det,quantile,0.9,5.8
2025-12-20,2025-12-13,-1,prairies,pct wk covid lab det,quantile,0.975,6.4
2025-12-20,2025-12-20,0,prairies,pct wk covid lab det,quantile,0.025,2.8
2025-12-20,2025-12-20,0,prairies,pct wk covid lab det,quantile,0.1,3.5
2025-12-20,2025-12-20,0,prairies,pct wk covid lab det,quantile,0.25,4
2025-12-20,2025-12-20,0,prairies,pct wk covid lab det,quantile,0.5,4.6
2025-12-20,2025-12-20,0,prairies,pct wk covid lab det,quantile,0.75,5.2
2025-12-20,2025-12-20,0,prairies,pct wk covid lab det,quantile,0.9,5.8
2025-12-20,2025-12-20,0,prairies,pct wk covid lab det,quantile,0.975,6.6
2025-12-20,2025-12-27,1,prairies,pct wk covid lab det,quantile,0.025,2.9
2025-12-20,2025-12-27,1,prairies,pct wk covid lab det,quantile,0.1,3.6
2025-12-20,2025-12-27,1,prairies,pct wk covid lab det,quantile,0.25,4.1
2025-12-20,2025-12-27,1,prairies,pct wk covid lab det,quantile,0.5,4.6
2025-12-20,2025-12-27,1,prairies,pct wk covid lab det,quantile,0.75,5.2
2025-12-20,2025-12-27,1,prairies,pct wk covid lab det,quantile,0.9,5.9
2025-12-20,2025-12-27,1,prairies,pct wk covid lab det,quantile,0.975,6.6
2025-12-20,2026-01-03,2,prairies,pct wk covid lab det,quantile,0.025,3
2025-12-20,2026-01-03,2,prairies,pct wk covid lab det,quantile,0.1,3.7
2025-12-20,2026-01-03,2,prairies,pct wk covid lab det,quantile,0.25,4.3
2025-12-20,2026-01-03,2,prairies,pct wk covid lab det,quantile,0.5,4.9
2025-12-20,2026-01-03,2,prairies,pct wk covid lab det,quantile,0.75,5.6
2025-12-20,2026-01-03,2,prairies,pct wk covid lab det,quantile,0.9,6.4
2025-12-20,2026-01-03,2,prairies,pct wk covid lab det,quantile,0.975,7.3
2025-12-20,2026-01-10,3,prairies,pct wk covid lab det,quantile,0.025,2.6
2025-12-20,2026-01-10,3,prairies,pct wk covid lab det,quantile,0.1,3.3
2025-12-20,2026-01-10,3,prairies,pct wk covid lab det,quantile,0.25,3.9
2025-12-20,2026-01-10,3,prairies,pct wk covid lab det,quantile,0.5,4.6
2025-12-20,2026-01-10,3,prairies,pct wk covid lab det,quantile,0.75,5.2
2025-12-20,2026-01-10,3,prairies,pct wk covid lab det,quantile,0.9,6
2025-12-20,2026-01-10,3,prairies,pct wk covid lab det,quantile,0.975,7
2025-12-20,2025-12-13,-1,qc,pct wk covid lab det,quantile,0.025,3.5
2025-12-20,2025-12-13,-1,qc,pct wk covid lab det,quantile,0.1,4.5
2025-12-20,2025-12-13,-1,qc,pct wk covid lab det,quantile,0.25,5.3
2025-12-20,2025-12-13,-1,qc,pct wk covid lab det,quantile,0.5,6.3
2025-12-20,2025-12-13,-1,qc,pct wk covid lab det,quantile,0.75,7.2
2025-12-20,2025-12-13,-1,qc,pct wk covid lab det,quantile,0.9,8
2025-12-20,2025-12-13,-1,qc,pct wk covid lab det,quantile,0.975,9
2025-12-20,2025-12-20,0,qc,pct wk covid lab det,quantile,0.025,3.9
2025-12-20,2025-12-20,0,qc,pct wk covid lab det,quantile,0.1,4.8
2025-12-20,2025-12-20,0,qc,pct wk covid lab det,quantile,0.25,5.2
2025-12-20,2025-12-20,0,qc,pct wk covid lab det,quantile,0.5,5.9
2025-12-20,2025-12-20,0,qc,pct wk covid lab det,quantile,0.75,6.6
2025-12-20,2025-12-20,0,qc,pct wk covid lab det,quantile,0.9,7.2
2025-12-20,2025-12-20,0,qc,pct wk covid lab det,quantile,0.975,8
2025-12-20,2025-12-27,1,qc,pct wk covid lab det,quantile,0.025,3.5
2025-12-20,2025-12-27,1,qc,pct wk covid lab det,quantile,0.1,4.2
2025-12-20,2025-12-27,1,qc,pct wk covid lab det,quantile,0.25,4.9
2025-12-20,2025-12-27,1,qc,pct wk covid lab det,quantile,0.5,5.4
2025-12-20,2025-12-27,1,qc,pct wk covid lab det,quantile,0.75,6.1
2025-12-20,2025-12-27,1,qc,pct wk covid lab det,quantile,0.9,6.7
2025-12-20,2025-12-27,1,qc,pct wk covid lab det,quantile,0.975,7.4
2025-12-20,2026-01-03,2,qc,pct wk covid lab det,quantile,0.025,3.5
2025-12-20,2026-01-03,2,qc,pct wk covid lab det,quantile,0.1,4.2
2025-12-20,2026-01-03,2,qc,pct wk covid lab det,quantile,0.25,4.7
2025-12-20,2026-01-03,2,qc,pct wk covid lab det,quantile,0.5,5.3
2025-12-20,2026-01-03,2,qc,pct wk covid lab det,quantile,0.75,6
2025-12-20,2026-01-03,2,qc,pct wk covid lab det,quantile,0.9,6.8
2025-12-20,2026-01-03,2,qc,pct wk covid lab det,quantile,0.975,7.6
2025-12-20,2026-01-10,3,qc,pct wk covid lab det,quantile,0.025,3.3
2025-12-20,2026-01-10,3,qc,pct wk covid lab det,quantile,0.1,3.9
2025-12-20,2026-01-10,3,qc,pct wk covid lab det,quantile,0.25,4.6
2025-12-20,2026-01-10,3,qc,pct wk covid lab det,quantile,0.5,5.3
2025-12-20,2026-01-10,3,qc,pct wk covid lab det,quantile,0.75,6.2
2025-12-20,2026-01-10,3,qc,pct wk covid lab det,quantile,0.9,7
2025-12-20,2026-01-10,3,qc,pct wk covid lab det,quantile,0.975,8.1
2025-12-20,2025-12-13,-1,sk,pct wk covid lab det,quantile,0.025,1.6
2025-12-20,2025-12-13,-1,sk,pct wk covid lab det,quantile,0.1,2.9
2025-12-20,2025-12-13,-1,sk,pct wk covid lab det,quantile,0.25,3.9
2025-12-20,2025-12-13,-1,sk,pct wk covid lab det,quantile,0.5,5.1
2025-12-20,2025-12-13,-1,sk,pct wk covid lab det,quantile,0.75,6.1
2025-12-20,2025-12-13,-1,sk,pct wk covid lab det,quantile,0.9,7.1
2025-12-20,2025-12-13,-1,sk,pct wk covid lab det,quantile,0.975,8.4
2025-12-20,2025-12-20,0,sk,pct wk covid lab det,quantile,0.025,2.6
2025-12-20,2025-12-20,0,sk,pct wk covid lab det,quantile,0.1,3.9
2025-12-20,2025-12-20,0,sk,pct wk covid lab det,quantile,0.25,4.6
2025-12-20,2025-12-20,0,sk,pct wk covid lab det,quantile,0.5,5.5
2025-12-20,2025-12-20,0,sk,pct wk covid lab det,quantile,0.75,6.4
2025-12-20,2025-12-20,0,sk,pct wk covid lab det,quantile,0.9,7.2
2025-12-20,2025-12-20,0,sk,pct wk covid lab det,quantile,0.975,8.3
2025-12-20,2025-12-27,1,sk,pct wk covid lab det,quantile,0.025,2.7
2025-12-20,2025-12-27,1,sk,pct wk covid lab det,quantile,0.1,3.8
2025-12-20,2025-12-27,1,sk,pct wk covid lab det,quantile,0.25,4.5
2025-12-20,2025-12-27,1,sk,pct wk covid lab det,quantile,0.5,5.4
2025-12-20,2025-12-27,1,sk,pct wk covid lab det,quantile,0.75,6.1
2025-12-20,2025-12-27,1,sk,pct wk covid lab det,quantile,0.9,7.1
2025-12-20,2025-12-27,1,sk,pct wk covid lab det,quantile,0.975,8.2
2025-12-20,2026-01-03,2,sk,pct wk covid lab det,quantile,0.025,2.4
2025-12-20,2026-01-03,2,sk,pct wk covid lab det,quantile,0.1,3.6
2025-12-20,2026-01-03,2,sk,pct wk covid lab det,quantile,0.25,4.4
2025-12-20,2026-01-03,2,sk,pct wk covid lab det,quantile,0.5,5.2
2025-12-20,2026-01-03,2,sk,pct wk covid lab det,quantile,0.75,6.1
2025-12-20,2026-01-03,2,sk,pct wk covid lab det,quantile,0.9,7
2025-12-20,2026-01-03,2,sk,pct wk covid lab det,quantile,0.975,8.3
2025-12-20,2026-01-10,3,sk,pct wk covid lab det,quantile,0.025,2.3
2025-12-20,2026-01-10,3,sk,pct wk covid lab det,quantile,0.1,3.1
2025-12-20,2026-01-10,3,sk,pct wk covid lab det,quantile,0.25,3.8
2025-12-20,2026-01-10,3,sk,pct wk covid lab det,quantile,0.5,4.7
2025-12-20,2026-01-10,3,sk,pct wk covid lab det,quantile,0.75,5.5
2025-12-20,2026-01-10,3,sk,pct wk covid lab det,quantile,0.9,6.4
2025-12-20,2026-01-10,3,sk,pct wk covid lab det,quantile,0.975,7.8
2025-12-20,2025-12-13,-1,territories,pct wk covid lab det,quantile,0.025,0
2025-12-20,2025-12-13,-1,territories,pct wk covid lab det,quantile,0.1,2.2
2025-12-20,2025-12-13,-1,territories,pct wk covid lab det,quantile,0.25,4
2025-12-20,2025-12-13,-1,territories,pct wk covid lab det,quantile,0.5,5.9
2025-12-20,2025-12-13,-1,territories,pct wk covid lab det,quantile,0.75,8
2025-12-20,2025-12-13,-1,territories,pct wk covid lab det,quantile,0.9,9.9
2025-12-20,2025-12-13,-1,territories,pct wk covid lab det,quantile,0.975,12
2025-12-20,2025-12-20,0,territories,pct wk covid lab det,quantile,0.025,0
2025-12-20,2025-12-20,0,territories,pct wk covid lab det,quantile,0.1,1
2025-12-20,2025-12-20,0,territories,pct wk covid lab det,quantile,0.25,2.2
2025-12-20,2025-12-20,0,territories,pct wk covid lab det,quantile,0.5,3.5
2025-12-20,2025-12-20,0,territories,pct wk covid lab det,quantile,0.75,4.8
2025-12-20,2025-12-20,0,territories,pct wk covid lab det,quantile,0.9,6.3
2025-12-20,2025-12-20,0,territories,pct wk covid lab det,quantile,0.975,7.9
2025-12-20,2025-12-27,1,territories,pct wk covid lab det,quantile,0.025,0
2025-12-20,2025-12-27,1,territories,pct wk covid lab det,quantile,0.1,2.1
2025-12-20,2025-12-27,1,territories,pct wk covid lab det,quantile,0.25,3.9
2025-12-20,2025-12-27,1,territories,pct wk covid lab det,quantile,0.5,5.5
2025-12-20,2025-12-27,1,territories,pct wk covid lab det,quantile,0.75,7.6
2025-12-20,2025-12-27,1,territories,pct wk covid lab det,quantile,0.9,9.4
2025-12-20,2025-12-27,1,territories,pct wk covid lab det,quantile,0.975,12.1
2025-12-20,2026-01-03,2,territories,pct wk covid lab det,quantile,0.025,0
2025-12-20,2026-01-03,2,territories,pct wk covid lab det,quantile,0.1,0.7
2025-12-20,2026-01-03,2,territories,pct wk covid lab det,quantile,0.25,1.4
2025-12-20,2026-01-03,2,territories,pct wk covid lab det,quantile,0.5,2.2
2025-12-20,2026-01-03,2,territories,pct wk covid lab det,quantile,0.75,3.1
2025-12-20,2026-01-03,2,territories,pct wk covid lab det,quantile,0.9,4
2025-12-20,2026-01-03,2,territories,pct wk covid lab det,quantile,0.975,5.1
2025-12-20,2026-01-10,3,territories,pct wk covid lab det,quantile,0.025,0.9
2025-12-20,2026-01-10,3,territories,pct wk covid lab det,quantile,0.1,3.5
2025-12-20,2026-01-10,3,territories,pct wk covid lab det,quantile,0.25,5.5
2025-12-20,2026-01-10,3,territories,pct wk covid lab det,quantile,0.5,7.7
2025-12-20,2026-01-10,3,territories,pct wk covid lab det,quantile,0.75,10.6
2025-12-20,2026-01-10,3,territories,pct wk covid lab det,quantile,0.9,13.1
2025-12-20,2026-01-10,3,territories,pct wk covid lab det,quantile,0.975,18.6
2025-12-20,2025-12-13,-1,ab,pct wk rsv lab det,quantile,0.025,0
2025-12-20,2025-12-13,-1,ab,pct wk rsv lab det,quantile,0.1,0.8
2025-12-20,2025-12-13,-1,ab,pct wk rsv lab det,quantile,0.25,1.6
2025-12-20,2025-12-13,-1,ab,pct wk rsv lab det,quantile,0.5,2.5
2025-12-20,2025-12-13,-1,ab,pct wk rsv lab det,quantile,0.75,3.2
2025-12-20,2025-12-13,-1,ab,pct wk rsv lab det,quantile,0.9,4
2025-12-20,2025-12-13,-1,ab,pct wk rsv lab det,quantile,0.975,5.1
2025-12-20,2025-12-20,0,ab,pct wk rsv lab det,quantile,0.025,0.6
2025-12-20,2025-12-20,0,ab,pct wk rsv lab det,quantile,0.1,1.6
2025-12-20,2025-12-20,0,ab,pct wk rsv lab det,quantile,0.25,2.2
2025-12-20,2025-12-20,0,ab,pct wk rsv lab det,quantile,0.5,2.9
2025-12-20,2025-12-20,0,ab,pct wk rsv lab det,quantile,0.75,3.8
2025-12-20,2025-12-20,0,ab,pct wk rsv lab det,quantile,0.9,4.4
2025-12-20,2025-12-20,0,ab,pct wk rsv lab det,quantile,0.975,5.5
2025-12-20,2025-12-27,1,ab,pct wk rsv lab det,quantile,0.025,0.7
2025-12-20,2025-12-27,1,ab,pct wk rsv lab det,quantile,0.1,1.5
2025-12-20,2025-12-27,1,ab,pct wk rsv lab det,quantile,0.25,2.3
2025-12-20,2025-12-27,1,ab,pct wk rsv lab det,quantile,0.5,3
2025-12-20,2025-12-27,1,ab,pct wk rsv lab det,quantile,0.75,3.9
2025-12-20,2025-12-27,1,ab,pct wk rsv lab det,quantile,0.9,4.7
2025-12-20,2025-12-27,1,ab,pct wk rsv lab det,quantile,0.975,5.8
2025-12-20,2026-01-03,2,ab,pct wk rsv lab det,quantile,0.025,0.7
2025-12-20,2026-01-03,2,ab,pct wk rsv lab det,quantile,0.1,1.6
2025-12-20,2026-01-03,2,ab,pct wk rsv lab det,quantile,0.25,2.3
2025-12-20,2026-01-03,2,ab,pct wk rsv lab det,quantile,0.5,3.1
2025-12-20,2026-01-03,2,ab,pct wk rsv lab det,quantile,0.75,4.1
2025-12-20,2026-01-03,2,ab,pct wk rsv lab det,quantile,0.9,4.9
2025-12-20,2026-01-03,2,ab,pct wk rsv lab det,quantile,0.975,6.2
2025-12-20,2026-01-10,3,ab,pct wk rsv lab det,quantile,0.025,0.8
2025-12-20,2026-01-10,3,ab,pct wk rsv lab det,quantile,0.1,1.7
2025-12-20,2026-01-10,3,ab,pct wk rsv lab det,quantile,0.25,2.6
2025-12-20,2026-01-10,3,ab,pct wk rsv lab det,quantile,0.5,3.5
2025-12-20,2026-01-10,3,ab,pct wk rsv lab det,quantile,0.75,4.7
2025-12-20,2026-01-10,3,ab,pct wk rsv lab det,quantile,0.9,5.8
2025-12-20,2026-01-10,3,ab,pct wk rsv lab det,quantile,0.975,7.7
2025-12-20,2025-12-13,-1,atlantic,pct wk rsv lab det,quantile,0.025,0.7
2025-12-20,2025-12-13,-1,atlantic,pct wk rsv lab det,quantile,0.1,1.2
2025-12-20,2025-12-13,-1,atlantic,pct wk rsv lab det,quantile,0.25,1.7
2025-12-20,2025-12-13,-1,atlantic,pct wk rsv lab det,quantile,0.5,2.1
2025-12-20,2025-12-13,-1,atlantic,pct wk rsv lab det,quantile,0.75,2.6
2025-12-20,2025-12-13,-1,atlantic,pct wk rsv lab det,quantile,0.9,3.1
2025-12-20,2025-12-13,-1,atlantic,pct wk rsv lab det,quantile,0.975,3.5
2025-12-20,2025-12-20,0,atlantic,pct wk rsv lab det,quantile,0.025,0.6
2025-12-20,2025-12-20,0,atlantic,pct wk rsv lab det,quantile,0.1,1.1
2025-12-20,2025-12-20,0,atlantic,pct wk rsv lab det,quantile,0.25,1.4
2025-12-20,2025-12-20,0,atlantic,pct wk rsv lab det,quantile,0.5,1.8
2025-12-20,2025-12-20,0,atlantic,pct wk rsv lab det,quantile,0.75,2.2
2025-12-20,2025-12-20,0,atlantic,pct wk rsv lab det,quantile,0.9,2.5
2025-12-20,2025-12-20,0,atlantic,pct wk rsv lab det,quantile,0.975,2.9
2025-12-20,2025-12-27,1,atlantic,pct wk rsv lab det,quantile,0.025,0.8
2025-12-20,2025-12-27,1,atlantic,pct wk rsv lab det,quantile,0.1,1.1
2025-12-20,2025-12-27,1,atlantic,pct wk rsv lab det,quantile,0.25,1.3
2025-12-20,2025-12-27,1,atlantic,pct wk rsv lab det,quantile,0.5,1.7
2025-12-20,2025-12-27,1,atlantic,pct wk rsv lab det,quantile,0.75,2.1
2025-12-20,2025-12-27,1,atlantic,pct wk rsv lab det,quantile,0.9,2.5
2025-12-20,2025-12-27,1,atlantic,pct wk rsv lab det,quantile,0.975,2.9
2025-12-20,2026-01-03,2,atlantic,pct wk rsv lab det,quantile,0.025,0.7
2025-12-20,2026-01-03,2,atlantic,pct wk rsv lab det,quantile,0.1,1
2025-12-20,2026-01-03,2,atlantic,pct wk rsv lab det,quantile,0.25,1.2
2025-12-20,2026-01-03,2,atlantic,pct wk rsv lab det,quantile,0.5,1.6
2025-12-20,2026-01-03,2,atlantic,pct wk rsv lab det,quantile,0.75,1.9
2025-12-20,2026-01-03,2,atlantic,pct wk rsv lab det,quantile,0.9,2.4
2025-12-20,2026-01-03,2,atlantic,pct wk rsv lab det,quantile,0.975,2.8
2025-12-20,2026-01-10,3,atlantic,pct wk rsv lab det,quantile,0.025,0.7
2025-12-20,2026-01-10,3,atlantic,pct wk rsv lab det,quantile,0.1,1
2025-12-20,2026-01-10,3,atlantic,pct wk rsv lab det,quantile,0.25,1.3
2025-12-20,2026-01-10,3,atlantic,pct wk rsv lab det,quantile,0.5,1.6
2025-12-20,2026-01-10,3,atlantic,pct wk rsv lab det,quantile,0.75,2.1
2025-12-20,2026-01-10,3,atlantic,pct wk rsv lab det,quantile,0.9,2.6
2025-12-20,2026-01-10,3,atlantic,pct wk rsv lab det,quantile,0.975,3.1
2025-12-20,2025-12-13,-1,bc,pct wk rsv lab det,quantile,0.025,2.7
2025-12-20,2025-12-13,-1,bc,pct wk rsv lab det,quantile,0.1,3.2
2025-12-20,2025-12-13,-1,bc,pct wk rsv lab det,quantile,0.25,3.7
2025-12-20,2025-12-13,-1,bc,pct wk rsv lab det,quantile,0.5,4.2
2025-12-20,2025-12-13,-1,bc,pct wk rsv lab det,quantile,0.75,4.7
2025-12-20,2025-12-13,-1,bc,pct wk rsv lab det,quantile,0.9,5.1
2025-12-20,2025-12-13,-1,bc,pct wk rsv lab det,quantile,0.975,5.6
2025-12-20,2025-12-20,0,bc,pct wk rsv lab det,quantile,0.025,3
2025-12-20,2025-12-20,0,bc,pct wk rsv lab det,quantile,0.1,3.5
2025-12-20,2025-12-20,0,bc,pct wk rsv lab det,quantile,0.25,4
2025-12-20,2025-12-20,0,bc,pct wk rsv lab det,quantile,0.5,4.5
2025-12-20,2025-12-20,0,bc,pct wk rsv lab det,quantile,0.75,5.1
2025-12-20,2025-12-20,0,bc,pct wk rsv lab det,quantile,0.9,5.6
2025-12-20,2025-12-20,0,bc,pct wk rsv lab det,quantile,0.975,6.3
2025-12-20,2025-12-27,1,bc,pct wk rsv lab det,quantile,0.025,2.4
2025-12-20,2025-12-27,1,bc,pct wk rsv lab det,quantile,0.1,2.9
2025-12-20,2025-12-27,1,bc,pct wk rsv lab det,quantile,0.25,3.3
2025-12-20,2025-12-27,1,bc,pct wk rsv lab det,quantile,0.5,3.9
2025-12-20,2025-12-27,1,bc,pct wk rsv lab det,quantile,0.75,4.4
2025-12-20,2025-12-27,1,bc,pct wk rsv lab det,quantile,0.9,4.9
2025-12-20,2025-12-27,1,bc,pct wk rsv lab det,quantile,0.975,5.5
2025-12-20,2026-01-03,2,bc,pct wk rsv lab det,quantile,0.025,2.5
2025-12-20,2026-01-03,2,bc,pct wk rsv lab det,quantile,0.1,3.1
2025-12-20,2026-01-03,2,bc,pct wk rsv lab det,quantile,0.25,3.7
2025-12-20,2026-01-03,2,bc,pct wk rsv lab det,quantile,0.5,4.3
2025-12-20,2026-01-03,2,bc,pct wk rsv lab det,quantile,0.75,5
2025-12-20,2026-01-03,2,bc,pct wk rsv lab det,quantile,0.9,5.8
2025-12-20,2026-01-03,2,bc,pct wk rsv lab det,quantile,0.975,6.7
2025-12-20,2026-01-10,3,bc,pct wk rsv lab det,quantile,0.025,2
2025-12-20,2026-01-10,3,bc,pct wk rsv lab det,quantile,0.1,2.8
2025-12-20,2026-01-10,3,bc,pct wk rsv lab det,quantile,0.25,3.4
2025-12-20,2026-01-10,3,bc,pct wk rsv lab det,quantile,0.5,4.1
2025-12-20,2026-01-10,3,bc,pct wk rsv lab det,quantile,0.75,4.9
2025-12-20,2026-01-10,3,bc,pct wk rsv lab det,quantile,0.9,5.8
2025-12-20,2026-01-10,3,bc,pct wk rsv lab det,quantile,0.975,6.7
2025-12-20,2025-12-13,-1,ca,pct wk rsv lab det,quantile,0.025,2.4
2025-12-20,2025-12-13,-1,ca,pct wk rsv lab det,quantile,0.1,2.4
2025-12-20,2025-12-13,-1,ca,pct wk rsv lab det,quantile,0.25,2.4
2025-12-20,2025-12-13,-1,ca,pct wk rsv lab det,quantile,0.5,2.4
2025-12-20,2025-12-13,-1,ca,pct wk rsv lab det,quantile,0.75,2.4
2025-12-20,2025-12-13,-1,ca,pct wk rsv lab det,quantile,0.9,2.4
2025-12-20,2025-12-13,-1,ca,pct wk rsv lab det,quantile,0.975,2.4
2025-12-20,2025-12-20,0,ca,pct wk rsv lab det,quantile,0.025,2.3
2025-12-20,2025-12-20,0,ca,pct wk rsv lab det,quantile,0.1,2.5
2025-12-20,2025-12-20,0,ca,pct wk rsv lab det,quantile,0.25,2.8
2025-12-20,2025-12-20,0,ca,pct wk rsv lab det,quantile,0.5,2.9
2025-12-20,2025-12-20,0,ca,pct wk rsv lab det,quantile,0.75,3.1
2025-12-20,2025-12-20,0,ca,pct wk rsv lab det,quantile,0.9,3.3
2025-12-20,2025-12-20,0,ca,pct wk rsv lab det,quantile,0.975,3.5
2025-12-20,2025-12-27,1,ca,pct wk rsv lab det,quantile,0.025,2.1
2025-12-20,2025-12-27,1,ca,pct wk rsv lab det,quantile,0.1,2.4
2025-12-20,2025-12-27,1,ca,pct wk rsv lab det,quantile,0.25,2.6
2025-12-20,2025-12-27,1,ca,pct wk rsv lab det,quantile,0.5,2.9
2025-12-20,2025-12-27,1,ca,pct wk rsv lab det,quantile,0.75,3.2
2025-12-20,2025-12-27,1,ca,pct wk rsv lab det,quantile,0.9,3.5
2025-12-20,2025-12-27,1,ca,pct wk rsv lab det,quantile,0.975,3.8
2025-12-20,2026-01-03,2,ca,pct wk rsv lab det,quantile,0.025,1.9
2025-12-20,2026-01-03,2,ca,pct wk rsv lab det,quantile,0.1,2.2
2025-12-20,2026-01-03,2,ca,pct wk rsv lab det,quantile,0.25,2.4
2025-12-20,2026-01-03,2,ca,pct wk rsv lab det,quantile,0.5,2.8
2025-12-20,2026-01-03,2,ca,pct wk rsv lab det,quantile,0.75,3.2
2025-12-20,2026-01-03,2,ca,pct wk rsv lab det,quantile,0.9,3.5
2025-12-20,2026-01-03,2,ca,pct wk rsv lab det,quantile,0.975,3.8
2025-12-20,2026-01-10,3,ca,pct wk rsv lab det,quantile,0.025,1.8
2025-12-20,2026-01-10,3,ca,pct wk rsv lab det,quantile,0.1,2.3
2025-12-20,2026-01-10,3,ca,pct wk rsv lab det,quantile,0.25,2.6
2025-12-20,2026-01-10,3,ca,pct wk rsv lab det,quantile,0.5,3.1
2025-12-20,2026-01-10,3,ca,pct wk rsv lab det,quantile,0.75,3.7
2025-12-20,2026-01-10,3,ca,pct wk rsv lab det,quantile,0.9,4.1
2025-12-20,2026-01-10,3,ca,pct wk rsv lab det,quantile,0.975,4.6
2025-12-20,2025-12-13,-1,nb,pct wk rsv lab det,quantile,0.025,0.3
2025-12-20,2025-12-13,-1,nb,pct wk rsv lab det,quantile,0.1,0.8
2025-12-20,2025-12-13,-1,nb,pct wk rsv lab det,quantile,0.25,1.3
2025-12-20,2025-12-13,-1,nb,pct wk rsv lab det,quantile,0.5,1.9
2025-12-20,2025-12-13,-1,nb,pct wk rsv lab det,quantile,0.75,2.3
2025-12-20,2025-12-13,-1,nb,pct wk rsv lab det,quantile,0.9,2.8
2025-12-20,2025-12-13,-1,nb,pct wk rsv lab det,quantile,0.975,3.3
2025-12-20,2025-12-20,0,nb,pct wk rsv lab det,quantile,0.025,0.5
2025-12-20,2025-12-20,0,nb,pct wk rsv lab det,quantile,0.1,1.2
2025-12-20,2025-12-20,0,nb,pct wk rsv lab det,quantile,0.25,1.6
2025-12-20,2025-12-20,0,nb,pct wk rsv lab det,quantile,0.5,2.2
2025-12-20,2025-12-20,0,nb,pct wk rsv lab det,quantile,0.75,2.8
2025-12-20,2025-12-20,0,nb,pct wk rsv lab det,quantile,0.9,3.4
2025-12-20,2025-12-20,0,nb,pct wk rsv lab det,quantile,0.975,4.1
2025-12-20,2025-12-27,1,nb,pct wk rsv lab det,quantile,0.025,0.5
2025-12-20,2025-12-27,1,nb,pct wk rsv lab det,quantile,0.1,0.9
2025-12-20,2025-12-27,1,nb,pct wk rsv lab det,quantile,0.25,1.3
2025-12-20,2025-12-27,1,nb,pct wk rsv lab det,quantile,0.5,1.8
2025-12-20,2025-12-27,1,nb,pct wk rsv lab det,quantile,0.75,2.3
2025-12-20,2025-12-27,1,nb,pct wk rsv lab det,quantile,0.9,2.8
2025-12-20,2025-12-27,1,nb,pct wk rsv lab det,quantile,0.975,3.3
2025-12-20,2026-01-03,2,nb,pct wk rsv lab det,quantile,0.025,0.8
2025-12-20,2026-01-03,2,nb,pct wk rsv lab det,quantile,0.1,1.1
2025-12-20,2026-01-03,2,nb,pct wk rsv lab det,quantile,0.25,1.6
2025-12-20,2026-01-03,2,nb,pct wk rsv lab det,quantile,0.5,2
2025-12-20,2026-01-03,2,nb,pct wk rsv lab det,quantile,0.75,2.6
2025-12-20,2026-01-03,2,nb,pct wk rsv lab det,quantile,0.9,3.1
2025-12-20,2026-01-03,2,nb,pct wk rsv lab det,quantile,0.975,3.7
2025-12-20,2026-01-10,3,nb,pct wk rsv lab det,quantile,0.025,0.7
2025-12-20,2026-01-10,3,nb,pct wk rsv lab det,quantile,0.1,1
2025-12-20,2026-01-10,3,nb,pct wk rsv lab det,quantile,0.25,1.4
2025-12-20,2026-01-10,3,nb,pct wk rsv lab det,quantile,0.5,1.9
2025-12-20,2026-01-10,3,nb,pct wk rsv lab det,quantile,0.75,2.5
2025-12-20,2026-01-10,3,nb,pct wk rsv lab det,quantile,0.9,3
2025-12-20,2026-01-10,3,nb,pct wk rsv lab det,quantile,0.975,3.8
2025-12-20,2025-12-13,-1,nl,pct wk rsv lab det,quantile,0.025,0
2025-12-20,2025-12-13,-1,nl,pct wk rsv lab det,quantile,0.1,0.2
2025-12-20,2025-12-13,-1,nl,pct wk rsv lab det,quantile,0.25,1
2025-12-20,2025-12-13,-1,nl,pct wk rsv lab det,quantile,0.5,1.9
2025-12-20,2025-12-13,-1,nl,pct wk rsv lab det,quantile,0.75,3
2025-12-20,2025-12-13,-1,nl,pct wk rsv lab det,quantile,0.9,3.8
2025-12-20,2025-12-13,-1,nl,pct wk rsv lab det,quantile,0.975,4.8
2025-12-20,2025-12-20,0,nl,pct wk rsv lab det,quantile,0.025,0
2025-12-20,2025-12-20,0,nl,pct wk rsv lab det,quantile,0.1,0.4
2025-12-20,2025-12-20,0,nl,pct wk rsv lab det,quantile,0.25,0.9
2025-12-20,2025-12-20,0,nl,pct wk rsv lab det,quantile,0.5,1.5
2025-12-20,2025-12-20,0,nl,pct wk rsv lab det,quantile,0.75,2.1
2025-12-20,2025-12-20,0,nl,pct wk rsv lab det,quantile,0.9,2.7
2025-12-20,2025-12-20,0,nl,pct wk rsv lab det,quantile,0.975,3.4
2025-12-20,2025-12-27,1,nl,pct wk rsv lab det,quantile,0.025,0
2025-12-20,2025-12-27,1,nl,pct wk rsv lab det,quantile,0.1,0.3
2025-12-20,2025-12-27,1,nl,pct wk rsv lab det,quantile,0.25,0.9
2025-12-20,2025-12-27,1,nl,pct wk rsv lab det,quantile,0.5,1.5
2025-12-20,2025-12-27,1,nl,pct wk rsv lab det,quantile,0.75,2.2
2025-12-20,2025-12-27,1,nl,pct wk rsv lab det,quantile,0.9,2.8
2025-12-20,2025-12-27,1,nl,pct wk rsv lab det,quantile,0.975,3.6
2025-12-20,2026-01-03,2,nl,pct wk rsv lab det,quantile,0.025,0
2025-12-20,2026-01-03,2,nl,pct wk rsv lab det,quantile,0.1,0.3
2025-12-20,2026-01-03,2,nl,pct wk rsv lab det,quantile,0.25,0.9
2025-12-20,2026-01-03,2,nl,pct wk rsv lab det,quantile,0.5,1.5
2025-12-20,2026-01-03,2,nl,pct wk rsv lab det,quantile,0.75,2.2
2025-12-20,2026-01-03,2,nl,pct wk rsv lab det,quantile,0.9,2.8
2025-12-20,2026-01-03,2,nl,pct wk rsv lab det,quantile,0.975,3.7
2025-12-20,2026-01-10,3,nl,pct wk rsv lab det,quantile,0.025,0
2025-12-20,2026-01-10,3,nl,pct wk rsv lab det,quantile,0.1,0.3
2025-12-20,2026-01-10,3,nl,pct wk rsv lab det,quantile,0.25,0.7
2025-12-20,2026-01-10,3,nl,pct wk rsv lab det,quantile,0.5,1.2
2025-12-20,2026-01-10,3,nl,pct wk rsv lab det,quantile,0.75,1.7
2025-12-20,2026-01-10,3,nl,pct wk rsv lab det,quantile,0.9,2.3
2025-12-20,2026-01-10,3,nl,pct wk rsv lab det,quantile,0.975,3.1
2025-12-20,2025-12-13,-1,ns,pct wk rsv lab det,quantile,0.025,0
2025-12-20,2025-12-13,-1,ns,pct wk rsv lab det,quantile,0.1,0.8
2025-12-20,2025-12-13,-1,ns,pct wk rsv lab det,quantile,0.25,1.8
2025-12-20,2025-12-13,-1,ns,pct wk rsv lab det,quantile,0.5,2.7
2025-12-20,2025-12-13,-1,ns,pct wk rsv lab det,quantile,0.75,3.6
2025-12-20,2025-12-13,-1,ns,pct wk rsv lab det,quantile,0.9,4.5
2025-12-20,2025-12-13,-1,ns,pct wk rsv lab det,quantile,0.975,5.4
2025-12-20,2025-12-20,0,ns,pct wk rsv lab det,quantile,0.025,0
2025-12-20,2025-12-20,0,ns,pct wk rsv lab det,quantile,0.1,1.3
2025-12-20,2025-12-20,0,ns,pct wk rsv lab det,quantile,0.25,2.8
2025-12-20,2025-12-20,0,ns,pct wk rsv lab det,quantile,0.5,4.6
2025-12-20,2025-12-20,0,ns,pct wk rsv lab det,quantile,0.75,6.3
2025-12-20,2025-12-20,0,ns,pct wk rsv lab det,quantile,0.9,7.6
2025-12-20,2025-12-20,0,ns,pct wk rsv lab det,quantile,0.975,9.6
2025-12-20,2025-12-27,1,ns,pct wk rsv lab det,quantile,0.025,0
2025-12-20,2025-12-27,1,ns,pct wk rsv lab det,quantile,0.1,1.6
2025-12-20,2025-12-27,1,ns,pct wk rsv lab det,quantile,0.25,3.3
2025-12-20,2025-12-27,1,ns,pct wk rsv lab det,quantile,0.5,5.4
2025-12-20,2025-12-27,1,ns,pct wk rsv lab det,quantile,0.75,7.3
2025-12-20,2025-12-27,1,ns,pct wk rsv lab det,quantile,0.9,9.4
2025-12-20,2025-12-27,1,ns,pct wk rsv lab det,quantile,0.975,11.8
2025-12-20,2026-01-03,2,ns,pct wk rsv lab det,quantile,0.025,0.5
2025-12-20,2026-01-03,2,ns,pct wk rsv lab det,quantile,0.1,2.4
2025-12-20,2026-01-03,2,ns,pct wk rsv lab det,quantile,0.25,4.2
2025-12-20,2026-01-03,2,ns,pct wk rsv lab det,quantile,0.5,6.4
2025-12-20,2026-01-03,2,ns,pct wk rsv lab det,quantile,0.75,8.9
2025-12-20,2026-01-03,2,ns,pct wk rsv lab det,quantile,0.9,11.1
2025-12-20,2026-01-03,2,ns,pct wk rsv lab det,quantile,0.975,13.9
2025-12-20,2026-01-10,3,ns,pct wk rsv lab det,quantile,0.025,1.7
2025-12-20,2026-01-10,3,ns,pct wk rsv lab det,quantile,0.1,6.7
2025-12-20,2026-01-10,3,ns,pct wk rsv lab det,quantile,0.25,11.8
2025-12-20,2026-01-10,3,ns,pct wk rsv lab det,quantile,0.5,17.9
2025-12-20,2026-01-10,3,ns,pct wk rsv lab det,quantile,0.75,24.7
2025-12-20,2026-01-10,3,ns,pct wk rsv lab det,quantile,0.9,31.9
2025-12-20,2026-01-10,3,ns,pct wk rsv lab det,quantile,0.975,40.9
2025-12-20,2025-12-13,-1,on,pct wk rsv lab det,quantile,0.025,2.5
2025-12-20,2025-12-13,-1,on,pct wk rsv lab det,quantile,0.1,2.5
2025-12-20,2025-12-13,-1,on,pct wk rsv lab det,quantile,0.25,2.5
2025-12-20,2025-12-13,-1,on,pct wk rsv lab det,quantile,0.5,2.5
2025-12-20,2025-12-13,-1,on,pct wk rsv lab det,quantile,0.75,2.5
2025-12-20,2025-12-13,-1,on,pct wk rsv lab det,quantile,0.9,2.5
2025-12-20,2025-12-13,-1,on,pct wk rsv lab det,quantile,0.975,2.5
2025-12-20,2025-12-20,0,on,pct wk rsv lab det,quantile,0.025,2.1
2025-12-20,2025-12-20,0,on,pct wk rsv lab det,quantile,0.1,2.2
2025-12-20,2025-12-20,0,on,pct wk rsv lab det,quantile,0.25,2.4
2025-12-20,2025-12-20,0,on,pct wk rsv lab det,quantile,0.5,2.6
2025-12-20,2025-12-20,0,on,pct wk rsv lab det,quantile,0.75,2.8
2025-12-20,2025-12-20,0,on,pct wk rsv lab det,quantile,0.9,2.9
2025-12-20,2025-12-20,0,on,pct wk rsv lab det,quantile,0.975,3.1
2025-12-20,2025-12-27,1,on,pct wk rsv lab det,quantile,0.025,2
2025-12-20,2025-12-27,1,on,pct wk rsv lab det,quantile,0.1,2.2
2025-12-20,2025-12-27,1,on,pct wk rsv lab det,quantile,0.25,2.4
2025-12-20,2025-12-27,1,on,pct wk rsv lab det,quantile,0.5,2.7
2025-12-20,2025-12-27,1,on,pct wk rsv lab det,quantile,0.75,2.9
2025-12-20,2025-12-27,1,on,pct wk rsv lab det,quantile,0.9,3.1
2025-12-20,2025-12-27,1,on,pct wk rsv lab det,quantile,0.975,3.4
2025-12-20,2026-01-03,2,on,pct wk rsv lab det,quantile,0.025,1.5
2025-12-20,2026-01-03,2,on,pct wk rsv lab det,quantile,0.1,1.8
2025-12-20,2026-01-03,2,on,pct wk rsv lab det,quantile,0.25,2
2025-12-20,2026-01-03,2,on,pct wk rsv lab det,quantile,0.5,2.2
2025-12-20,2026-01-03,2,on,pct wk rsv lab det,quantile,0.75,2.5
2025-12-20,2026-01-03,2,on,pct wk rsv lab det,quantile,0.9,2.8
2025-12-20,2026-01-03,2,on,pct wk rsv lab det,quantile,0.975,3.1
2025-12-20,2026-01-10,3,on,pct wk rsv lab det,quantile,0.025,1.5
2025-12-20,2026-01-10,3,on,pct wk rsv lab det,quantile,0.1,1.9
2025-12-20,2026-01-10,3,on,pct wk rsv lab det,quantile,0.25,2.2
2025-12-20,2026-01-10,3,on,pct wk rsv lab det,quantile,0.5,2.6
2025-12-20,2026-01-10,3,on,pct wk rsv lab det,quantile,0.75,3
2025-12-20,2026-01-10,3,on,pct wk rsv lab det,quantile,0.9,3.4
2025-12-20,2026-01-10,3,on,pct wk rsv lab det,quantile,0.975,3.8
2025-12-20,2025-12-13,-1,prairies,pct wk rsv lab det,quantile,0.025,0
2025-12-20,2025-12-13,-1,prairies,pct wk rsv lab det,quantile,0.1,0.5
2025-12-20,2025-12-13,-1,prairies,pct wk rsv lab det,quantile,0.25,1.2
2025-12-20,2025-12-13,-1,prairies,pct wk rsv lab det,quantile,0.5,2.1
2025-12-20,2025-12-13,-1,prairies,pct wk rsv lab det,quantile,0.75,2.8
2025-12-20,2025-12-13,-1,prairies,pct wk rsv lab det,quantile,0.9,3.6
2025-12-20,2025-12-13,-1,prairies,pct wk rsv lab det,quantile,0.975,4.4
2025-12-20,2025-12-20,0,prairies,pct wk rsv lab det,quantile,0.025,0.1
2025-12-20,2025-12-20,0,prairies,pct wk rsv lab det,quantile,0.1,1
2025-12-20,2025-12-20,0,prairies,pct wk rsv lab det,quantile,0.25,1.6
2025-12-20,2025-12-20,0,prairies,pct wk rsv lab det,quantile,0.5,2.2
2025-12-20,2025-12-20,0,prairies,pct wk rsv lab det,quantile,0.75,2.8
2025-12-20,2025-12-20,0,prairies,pct wk rsv lab det,quantile,0.9,3.4
2025-12-20,2025-12-20,0,prairies,pct wk rsv lab det,quantile,0.975,4.3
2025-12-20,2025-12-27,1,prairies,pct wk rsv lab det,quantile,0.025,0.5
2025-12-20,2025-12-27,1,prairies,pct wk rsv lab det,quantile,0.1,1.1
2025-12-20,2025-12-27,1,prairies,pct wk rsv lab det,quantile,0.25,1.6
2025-12-20,2025-12-27,1,prairies,pct wk rsv lab det,quantile,0.5,2.2
2025-12-20,2025-12-27,1,prairies,pct wk rsv lab det,quantile,0.75,2.9
2025-12-20,2025-12-27,1,prairies,pct wk rsv lab det,quantile,0.9,3.6
2025-12-20,2025-12-27,1,prairies,pct wk rsv lab det,quantile,0.975,4.6
2025-12-20,2026-01-03,2,prairies,pct wk rsv lab det,quantile,0.025,0.2
2025-12-20,2026-01-03,2,prairies,pct wk rsv lab det,quantile,0.1,0.9
2025-12-20,2026-01-03,2,prairies,pct wk rsv lab det,quantile,0.25,1.5
2025-12-20,2026-01-03,2,prairies,pct wk rsv lab det,quantile,0.5,2.1
2025-12-20,2026-01-03,2,prairies,pct wk rsv lab det,quantile,0.75,2.7
2025-12-20,2026-01-03,2,prairies,pct wk rsv lab det,quantile,0.9,3.3
2025-12-20,2026-01-03,2,prairies,pct wk rsv lab det,quantile,0.975,4.1
2025-12-20,2026-01-10,3,prairies,pct wk rsv lab det,quantile,0.025,0.3
2025-12-20,2026-01-10,3,prairies,pct wk rsv lab det,quantile,0.1,0.8
2025-12-20,2026-01-10,3,prairies,pct wk rsv lab det,quantile,0.25,1.3
2025-12-20,2026-01-10,3,prairies,pct wk rsv lab det,quantile,0.5,1.8
2025-12-20,2026-01-10,3,prairies,pct wk rsv lab det,quantile,0.75,2.5
2025-12-20,2026-01-10,3,prairies,pct wk rsv lab det,quantile,0.9,3.2
2025-12-20,2026-01-10,3,prairies,pct wk rsv lab det,quantile,0.975,4
2025-12-20,2025-12-13,-1,qc,pct wk rsv lab det,quantile,0.025,0.7
2025-12-20,2025-12-13,-1,qc,pct wk rsv lab det,quantile,0.1,1.1
2025-12-20,2025-12-13,-1,qc,pct wk rsv lab det,quantile,0.25,1.6
2025-12-20,2025-12-13,-1,qc,pct wk rsv lab det,quantile,0.5,2.1
2025-12-20,2025-12-13,-1,qc,pct wk rsv lab det,quantile,0.75,2.6
2025-12-20,2025-12-13,-1,qc,pct wk rsv lab det,quantile,0.9,3.1
2025-12-20,2025-12-13,-1,qc,pct wk rsv lab det,quantile,0.975,3.5
2025-12-20,2025-12-20,0,qc,pct wk rsv lab det,quantile,0.025,0.9
2025-12-20,2025-12-20,0,qc,pct wk rsv lab det,quantile,0.1,1.4
2025-12-20,2025-12-20,0,qc,pct wk rsv lab det,quantile,0.25,1.9
2025-12-20,2025-12-20,0,qc,pct wk rsv lab det,quantile,0.5,2.2
2025-12-20,2025-12-20,0,qc,pct wk rsv lab det,quantile,0.75,2.7
2025-12-20,2025-12-20,0,qc,pct wk rsv lab det,quantile,0.9,3.2
2025-12-20,2025-12-20,0,qc,pct wk rsv lab det,quantile,0.975,3.8
2025-12-20,2025-12-27,1,qc,pct wk rsv lab det,quantile,0.025,1
2025-12-20,2025-12-27,1,qc,pct wk rsv lab det,quantile,0.1,1.4
2025-12-20,2025-12-27,1,qc,pct wk rsv lab det,quantile,0.25,1.8
2025-12-20,2025-12-27,1,qc,pct wk rsv lab det,quantile,0.5,2.3
2025-12-20,2025-12-27,1,qc,pct wk rsv lab det,quantile,0.75,2.8
2025-12-20,2025-12-27,1,qc,pct wk rsv lab det,quantile,0.9,3.3
2025-12-20,2025-12-27,1,qc,pct wk rsv lab det,quantile,0.975,3.9
2025-12-20,2026-01-03,2,qc,pct wk rsv lab det,quantile,0.025,1.1
2025-12-20,2026-01-03,2,qc,pct wk rsv lab det,quantile,0.1,1.5
2025-12-20,2026-01-03,2,qc,pct wk rsv lab det,quantile,0.25,2.1
2025-12-20,2026-01-03,2,qc,pct wk rsv lab det,quantile,0.5,2.6
2025-12-20,2026-01-03,2,qc,pct wk rsv lab det,quantile,0.75,3.3
2025-12-20,2026-01-03,2,qc,pct wk rsv lab det,quantile,0.9,3.9
2025-12-20,2026-01-03,2,qc,pct wk rsv lab det,quantile,0.975,4.8
2025-12-20,2026-01-10,3,qc,pct wk rsv lab det,quantile,0.025,0.8
2025-12-20,2026-01-10,3,qc,pct wk rsv lab det,quantile,0.1,1.3
2025-12-20,2026-01-10,3,qc,pct wk rsv lab det,quantile,0.25,1.8
2025-12-20,2026-01-10,3,qc,pct wk rsv lab det,quantile,0.5,2.3
2025-12-20,2026-01-10,3,qc,pct wk rsv lab det,quantile,0.75,3
2025-12-20,2026-01-10,3,qc,pct wk rsv lab det,quantile,0.9,3.6
2025-12-20,2026-01-10,3,qc,pct wk rsv lab det,quantile,0.975,4.4
2025-12-20,2025-12-13,-1,sk,pct wk rsv lab det,quantile,0.025,0.4
2025-12-20,2025-12-13,-1,sk,pct wk rsv lab det,quantile,0.1,1.1
2025-12-20,2025-12-13,-1,sk,pct wk rsv lab det,quantile,0.25,1.6
2025-12-20,2025-12-13,-1,sk,pct wk rsv lab det,quantile,0.5,2.2
2025-12-20,2025-12-13,-1,sk,pct wk rsv lab det,quantile,0.75,2.8
2025-12-20,2025-12-13,-1,sk,pct wk rsv lab det,quantile,0.9,3.4
2025-12-20,2025-12-13,-1,sk,pct wk rsv lab det,quantile,0.975,3.9
2025-12-20,2025-12-20,0,sk,pct wk rsv lab det,quantile,0.025,1
2025-12-20,2025-12-20,0,sk,pct wk rsv lab det,quantile,0.1,1.6
2025-12-20,2025-12-20,0,sk,pct wk rsv lab det,quantile,0.25,2
2025-12-20,2025-12-20,0,sk,pct wk rsv lab det,quantile,0.5,2.5
2025-12-20,2025-12-20,0,sk,pct wk rsv lab det,quantile,0.75,3
2025-12-20,2025-12-20,0,sk,pct wk rsv lab det,quantile,0.9,3.4
2025-12-20,2025-12-20,0,sk,pct wk rsv lab det,quantile,0.975,3.9
2025-12-20,2025-12-27,1,sk,pct wk rsv lab det,quantile,0.025,0.8
2025-12-20,2025-12-27,1,sk,pct wk rsv lab det,quantile,0.1,1.2
2025-12-20,2025-12-27,1,sk,pct wk rsv lab det,quantile,0.25,1.5
2025-12-20,2025-12-27,1,sk,pct wk rsv lab det,quantile,0.5,1.9
2025-12-20,2025-12-27,1,sk,pct wk rsv lab det,quantile,0.75,2.2
2025-12-20,2025-12-27,1,sk,pct wk rsv lab det,quantile,0.9,2.6
2025-12-20,2025-12-27,1,sk,pct wk rsv lab det,quantile,0.975,3
2025-12-20,2026-01-03,2,sk,pct wk rsv lab det,quantile,0.025,1.2
2025-12-20,2026-01-03,2,sk,pct wk rsv lab det,quantile,0.1,1.6
2025-12-20,2026-01-03,2,sk,pct wk rsv lab det,quantile,0.25,2
2025-12-20,2026-01-03,2,sk,pct wk rsv lab det,quantile,0.5,2.6
2025-12-20,2026-01-03,2,sk,pct wk rsv lab det,quantile,0.75,3.2
2025-12-20,2026-01-03,2,sk,pct wk rsv lab det,quantile,0.9,3.8
2025-12-20,2026-01-03,2,sk,pct wk rsv lab det,quantile,0.975,4.4
2025-12-20,2026-01-10,3,sk,pct wk rsv lab det,quantile,0.025,0.9
2025-12-20,2026-01-10,3,sk,pct wk rsv lab det,quantile,0.1,1.4
2025-12-20,2026-01-10,3,sk,pct wk rsv lab det,quantile,0.25,1.8
2025-12-20,2026-01-10,3,sk,pct wk rsv lab det,quantile,0.5,2.3
2025-12-20,2026-01-10,3,sk,pct wk rsv lab det,quantile,0.75,2.9
2025-12-20,2026-01-10,3,sk,pct wk rsv lab det,quantile,0.9,3.5
2025-12-20,2026-01-10,3,sk,pct wk rsv lab det,quantile,0.975,4.1
2025-12-20,2025-12-13,-1,ab,pct wk flu lab det,quantile,0.025,23.8
2025-12-20,2025-12-13,-1,ab,pct wk flu lab det,quantile,0.1,26.6
2025-12-20,2025-12-13,-1,ab,pct wk flu lab det,quantile,0.25,29.5
2025-12-20,2025-12-13,-1,ab,pct wk flu lab det,quantile,0.5,32.5
2025-12-20,2025-12-13,-1,ab,pct wk flu lab det,quantile,0.75,35.5
2025-12-20,2025-12-13,-1,ab,pct wk flu lab det,quantile,0.9,38
2025-12-20,2025-12-13,-1,ab,pct wk flu lab det,quantile,0.975,41
2025-12-20,2025-12-20,0,ab,pct wk flu lab det,quantile,0.025,25.8
2025-12-20,2025-12-20,0,ab,pct wk flu lab det,quantile,0.1,29.4
2025-12-20,2025-12-20,0,ab,pct wk flu lab det,quantile,0.25,32.2
2025-12-20,2025-12-20,0,ab,pct wk flu lab det,quantile,0.5,35.7
2025-12-20,2025-12-20,0,ab,pct wk flu lab det,quantile,0.75,37.1
2025-12-20,2025-12-20,0,ab,pct wk flu lab det,quantile,0.9,37.1
2025-12-20,2025-12-20,0,ab,pct wk flu lab det,quantile,0.975,37.1
2025-12-20,2025-12-27,1,ab,pct wk flu lab det,quantile,0.025,33.4
2025-12-20,2025-12-27,1,ab,pct wk flu lab det,quantile,0.1,38.2
2025-12-20,2025-12-27,1,ab,pct wk flu lab det,quantile,0.25,38.2
2025-12-20,2025-12-27,1,ab,pct wk flu lab det,quantile,0.5,38.2
2025-12-20,2025-12-27,1,ab,pct wk flu lab det,quantile,0.75,38.2
2025-12-20,2025-12-27,1,ab,pct wk flu lab det,quantile,0.9,38.2
2025-12-20,2025-12-27,1,ab,pct wk flu lab det,quantile,0.975,38.2
2025-12-20,2026-01-03,2,ab,pct wk flu lab det,quantile,0.025,36.2
2025-12-20,2026-01-03,2,ab,pct wk flu lab det,quantile,0.1,36.2
2025-12-20,2026-01-03,2,ab,pct wk flu lab det,quantile,0.25,36.2
2025-12-20,2026-01-03,2,ab,pct wk flu lab det,quantile,0.5,36.2
2025-12-20,2026-01-03,2,ab,pct wk flu lab det,quantile,0.75,36.2
2025-12-20,2026-01-03,2,ab,pct wk flu lab det,quantile,0.9,36.2
2025-12-20,2026-01-03,2,ab,pct wk flu lab det,quantile,0.975,36.2
2025-12-20,2026-01-10,3,ab,pct wk flu lab det,quantile,0.025,39.5
2025-12-20,2026-01-10,3,ab,pct wk flu lab det,quantile,0.1,39.5
2025-12-20,2026-01-10,3,ab,pct wk flu lab det,quantile,0.25,39.5
2025-12-20,2026-01-10,3,ab,pct wk flu lab det,quantile,0.5,39.5
2025-12-20,2026-01-10,3,ab,pct wk flu lab det,quantile,0.75,39.5
2025-12-20,2026-01-10,3,ab,pct wk flu lab det,quantile,0.9,39.5
2025-12-20,2026-01-10,3,ab,pct wk flu lab det,quantile,0.975,39.5
2025-12-20,2025-12-13,-1,atlantic,pct wk flu lab det,quantile,0.025,12.9
2025-12-20,2025-12-13,-1,atlantic,pct wk flu lab det,quantile,0.1,14.9
2025-12-20,2025-12-13,-1,atlantic,pct wk flu lab det,quantile,0.25,16.9
2025-12-20,2025-12-13,-1,atlantic,pct wk flu lab det,quantile,0.5,18.7
2025-12-20,2025-12-13,-1,atlantic,pct wk flu lab det,quantile,0.75,20.7
2025-12-20,2025-12-13,-1,atlantic,pct wk flu lab det,quantile,0.9,22.5
2025-12-20,2025-12-13,-1,atlantic,pct wk flu lab det,quantile,0.975,23.9
2025-12-20,2025-12-20,0,atlantic,pct wk flu lab det,quantile,0.025,19.1
2025-12-20,2025-12-20,0,atlantic,pct wk flu lab det,quantile,0.1,21.6
2025-12-20,2025-12-20,0,atlantic,pct wk flu lab det,quantile,0.25,24.1
2025-12-20,2025-12-20,0,atlantic,pct wk flu lab det,quantile,0.5,26.6
2025-12-20,2025-12-20,0,atlantic,pct wk flu lab det,quantile,0.75,29.2
2025-12-20,2025-12-20,0,atlantic,pct wk flu lab det,quantile,0.9,31.2
2025-12-20,2025-12-20,0,atlantic,pct wk flu lab det,quantile,0.975,34
2025-12-20,2025-12-27,1,atlantic,pct wk flu lab det,quantile,0.025,23.7
2025-12-20,2025-12-27,1,atlantic,pct wk flu lab det,quantile,0.1,28.1
2025-12-20,2025-12-27,1,atlantic,pct wk flu lab det,quantile,0.25,31.8
2025-12-20,2025-12-27,1,atlantic,pct wk flu lab det,quantile,0.5,35.8
2025-12-20,2025-12-27,1,atlantic,pct wk flu lab det,quantile,0.75,39.9
2025-12-20,2025-12-27,1,atlantic,pct wk flu lab det,quantile,0.9,43
2025-12-20,2025-12-27,1,atlantic,pct wk flu lab det,quantile,0.975,43.1
2025-12-20,2026-01-03,2,atlantic,pct wk flu lab det,quantile,0.025,29.5
2025-12-20,2026-01-03,2,atlantic,pct wk flu lab det,quantile,0.1,36.3
2025-12-20,2026-01-03,2,atlantic,pct wk flu lab det,quantile,0.25,42.2
2025-12-20,2026-01-03,2,atlantic,pct wk flu lab det,quantile,0.5,43.1
2025-12-20,2026-01-03,2,atlantic,pct wk flu lab det,quantile,0.75,43.1
2025-12-20,2026-01-03,2,atlantic,pct wk flu lab det,quantile,0.9,43.1
2025-12-20,2026-01-03,2,atlantic,pct wk flu lab det,quantile,0.975,43.1
2025-12-20,2026-01-10,3,atlantic,pct wk flu lab det,quantile,0.025,36.1
2025-12-20,2026-01-10,3,atlantic,pct wk flu lab det,quantile,0.1,43.1
2025-12-20,2026-01-10,3,atlantic,pct wk flu lab det,quantile,0.25,43.1
2025-12-20,2026-01-10,3,atlantic,pct wk flu lab det,quantile,0.5,43.1
2025-12-20,2026-01-10,3,atlantic,pct wk flu lab det,quantile,0.75,43.1
2025-12-20,2026-01-10,3,atlantic,pct wk flu lab det,quantile,0.9,43.1
2025-12-20,2026-01-10,3,atlantic,pct wk flu lab det,quantile,0.975,43.1
2025-12-20,2025-12-13,-1,bc,pct wk flu lab det,quantile,0.025,12.8
2025-12-20,2025-12-13,-1,bc,pct wk flu lab det,quantile,0.1,14.9
2025-12-20,2025-12-13,-1,bc,pct wk flu lab det,quantile,0.25,16.8
2025-12-20,2025-12-13,-1,bc,pct wk flu lab det,quantile,0.5,18.8
2025-12-20,2025-12-13,-1,bc,pct wk flu lab det,quantile,0.75,20.9
2025-12-20,2025-12-13,-1,bc,pct wk flu lab det,quantile,0.9,22.8
2025-12-20,2025-12-13,-1,bc,pct wk flu lab det,quantile,0.975,25.1
2025-12-20,2025-12-20,0,bc,pct wk flu lab det,quantile,0.025,22.7
2025-12-20,2025-12-20,0,bc,pct wk flu lab det,quantile,0.1,25.4
2025-12-20,2025-12-20,0,bc,pct wk flu lab det,quantile,0.25,28.7
2025-12-20,2025-12-20,0,bc,pct wk flu lab det,quantile,0.5,32
2025-12-20,2025-12-20,0,bc,pct wk flu lab det,quantile,0.75,35.4
2025-12-20,2025-12-20,0,bc,pct wk flu lab det,quantile,0.9,38.4
2025-12-20,2025-12-20,0,bc,pct wk flu lab det,quantile,0.975,41.5
2025-12-20,2025-12-27,1,bc,pct wk flu lab det,quantile,0.025,34.2
2025-12-20,2025-12-27,1,bc,pct wk flu lab det,quantile,0.1,40.3
2025-12-20,2025-12-27,1,bc,pct wk flu lab det,quantile,0.25,45.5
2025-12-20,2025-12-27,1,bc,pct wk flu lab det,quantile,0.5,50.4
2025-12-20,2025-12-27,1,bc,pct wk flu lab det,quantile,0.75,56.7
2025-12-20,2025-12-27,1,bc,pct wk flu lab det,quantile,0.9,61.3
2025-12-20,2025-12-27,1,bc,pct wk flu lab det,quantile,0.975,68.8
2025-12-20,2026-01-03,2,bc,pct wk flu lab det,quantile,0.025,37.6
2025-12-20,2026-01-03,2,bc,pct wk flu lab det,quantile,0.1,45.2
2025-12-20,2026-01-03,2,bc,pct wk flu lab det,quantile,0.25,51
2025-12-20,2026-01-03,2,bc,pct wk flu lab det,quantile,0.5,58.3
2025-12-20,2026-01-03,2,bc,pct wk flu lab det,quantile,0.75,66.4
2025-12-20,2026-01-03,2,bc,pct wk flu lab det,quantile,0.9,73.1
2025-12-20,2026-01-03,2,bc,pct wk flu lab det,quantile,0.975,77.2
2025-12-20,2026-01-10,3,bc,pct wk flu lab det,quantile,0.025,35.7
2025-12-20,2026-01-10,3,bc,pct wk flu lab det,quantile,0.1,43.3
2025-12-20,2026-01-10,3,bc,pct wk flu lab det,quantile,0.25,50.3
2025-12-20,2026-01-10,3,bc,pct wk flu lab det,quantile,0.5,58.3
2025-12-20,2026-01-10,3,bc,pct wk flu lab det,quantile,0.75,58.3
2025-12-20,2026-01-10,3,bc,pct wk flu lab det,quantile,0.9,58.3
2025-12-20,2026-01-10,3,bc,pct wk flu lab det,quantile,0.975,58.3
2025-12-20,2025-12-13,-1,ca,pct wk flu lab det,quantile,0.025,18
2025-12-20,2025-12-13,-1,ca,pct wk flu lab det,quantile,0.1,21.5
2025-12-20,2025-12-13,-1,ca,pct wk flu lab det,quantile,0.25,24.3
2025-12-20,2025-12-13,-1,ca,pct wk flu lab det,quantile,0.5,27.8
2025-12-20,2025-12-13,-1,ca,pct wk flu lab det,quantile,0.75,30.9
2025-12-20,2025-12-13,-1,ca,pct wk flu lab det,quantile,0.9,33.8
2025-12-20,2025-12-13,-1,ca,pct wk flu lab det,quantile,0.975,36
2025-12-20,2025-12-20,0,ca,pct wk flu lab det,quantile,0.025,24.8
2025-12-20,2025-12-20,0,ca,pct wk flu lab det,quantile,0.1,28.7
2025-12-20,2025-12-20,0,ca,pct wk flu lab det,quantile,0.25,32
2025-12-20,2025-12-20,0,ca,pct wk flu lab det,quantile,0.5,35.9
2025-12-20,2025-12-20,0,ca,pct wk flu lab det,quantile,0.75,36
2025-12-20,2025-12-20,0,ca,pct wk flu lab det,quantile,0.9,36
2025-12-20,2025-12-20,0,ca,pct wk flu lab det,quantile,0.975,36
2025-12-20,2025-12-27,1,ca,pct wk flu lab det,quantile,0.025,32.3
2025-12-20,2025-12-27,1,ca,pct wk flu lab det,quantile,0.1,36
2025-12-20,2025-12-27,1,ca,pct wk flu lab det,quantile,0.25,36
2025-12-20,2025-12-27,1,ca,pct wk flu lab det,quantile,0.5,36
2025-12-20,2025-12-27,1,ca,pct wk flu lab det,quantile,0.75,36
2025-12-20,2025-12-27,1,ca,pct wk flu lab det,quantile,0.9,36
2025-12-20,2025-12-27,1,ca,pct wk flu lab det,quantile,0.975,36
2025-12-20,2026-01-03,2,ca,pct wk flu lab det,quantile,0.025,36
2025-12-20,2026-01-03,2,ca,pct wk flu lab det,quantile,0.1,36
2025-12-20,2026-01-03,2,ca,pct wk flu lab det,quantile,0.25,36
2025-12-20,2026-01-03,2,ca,pct wk flu lab det,quantile,0.5,36
2025-12-20,2026-01-03,2,ca,pct wk flu lab det,quantile,0.75,36
2025-12-20,2026-01-03,2,ca,pct wk flu lab det,quantile,0.9,36
2025-12-20,2026-01-03,2,ca,pct wk flu lab det,quantile,0.975,36
2025-12-20,2026-01-10,3,ca,pct wk flu lab det,quantile,0.025,36
2025-12-20,2026-01-10,3,ca,pct wk flu lab det,quantile,0.1,36
2025-12-20,2026-01-10,3,ca,pct wk flu lab det,quantile,0.25,36
2025-12-20,2026-01-10,3,ca,pct wk flu lab det,quantile,0.5,36
2025-12-20,2026-01-10,3,ca,pct wk flu lab det,quantile,0.75,36
2025-12-20,2026-01-10,3,ca,pct wk flu lab det,quantile,0.9,36
2025-12-20,2026-01-10,3,ca,pct wk flu lab det,quantile,0.975,36
2025-12-20,2025-12-13,-1,mb,pct wk flu lab det,quantile,0.025,13.1
2025-12-20,2025-12-13,-1,mb,pct wk flu lab det,quantile,0.1,16
2025-12-20,2025-12-13,-1,mb,pct wk flu lab det,quantile,0.25,18.4
2025-12-20,2025-12-13,-1,mb,pct wk flu lab det,quantile,0.5,20.9
2025-12-20,2025-12-13,-1,mb,pct wk flu lab det,quantile,0.75,23.4
2025-12-20,2025-12-13,-1,mb,pct wk flu lab det,quantile,0.9,25.7
2025-12-20,2025-12-13,-1,mb,pct wk flu lab det,quantile,0.975,27.6
2025-12-20,2025-12-20,0,mb,pct wk flu lab det,quantile,0.025,14.8
2025-12-20,2025-12-20,0,mb,pct wk flu lab det,quantile,0.1,17.7
2025-12-20,2025-12-20,0,mb,pct wk flu lab det,quantile,0.25,20.1
2025-12-20,2025-12-20,0,mb,pct wk flu lab det,quantile,0.5,22.6
2025-12-20,2025-12-20,0,mb,pct wk flu lab det,quantile,0.75,25
2025-12-20,2025-12-20,0,mb,pct wk flu lab det,quantile,0.9,27.2
2025-12-20,2025-12-20,0,mb,pct wk flu lab det,quantile,0.975,30
2025-12-20,2025-12-27,1,mb,pct wk flu lab det,quantile,0.025,17.6
2025-12-20,2025-12-27,1,mb,pct wk flu lab det,quantile,0.1,21.2
2025-12-20,2025-12-27,1,mb,pct wk flu lab det,quantile,0.25,24.5
2025-12-20,2025-12-27,1,mb,pct wk flu lab det,quantile,0.5,27.7
2025-12-20,2025-12-27,1,mb,pct wk flu lab det,quantile,0.75,31
2025-12-20,2025-12-27,1,mb,pct wk flu lab det,quantile,0.9,34
2025-12-20,2025-12-27,1,mb,pct wk flu lab det,quantile,0.975,37.3
2025-12-20,2026-01-03,2,mb,pct wk flu lab det,quantile,0.025,15.4
2025-12-20,2026-01-03,2,mb,pct wk flu lab det,quantile,0.1,19
2025-12-20,2026-01-03,2,mb,pct wk flu lab det,quantile,0.25,22.4
2025-12-20,2026-01-03,2,mb,pct wk flu lab det,quantile,0.5,25.9
2025-12-20,2026-01-03,2,mb,pct wk flu lab det,quantile,0.75,29.6
2025-12-20,2026-01-03,2,mb,pct wk flu lab det,quantile,0.9,32.6
2025-12-20,2026-01-03,2,mb,pct wk flu lab det,quantile,0.975,36.6
2025-12-20,2026-01-10,3,mb,pct wk flu lab det,quantile,0.025,14.9
2025-12-20,2026-01-10,3,mb,pct wk flu lab det,quantile,0.1,19
2025-12-20,2026-01-10,3,mb,pct wk flu lab det,quantile,0.25,22.9
2025-12-20,2026-01-10,3,mb,pct wk flu lab det,quantile,0.5,27
2025-12-20,2026-01-10,3,mb,pct wk flu lab det,quantile,0.75,29.1
2025-12-20,2026-01-10,3,mb,pct wk flu lab det,quantile,0.9,29.1
2025-12-20,2026-01-10,3,mb,pct wk flu lab det,quantile,0.975,29.1
2025-12-20,2025-12-13,-1,nb,pct wk flu lab det,quantile,0.025,20.5
2025-12-20,2025-12-13,-1,nb,pct wk flu lab det,quantile,0.1,24
2025-12-20,2025-12-13,-1,nb,pct wk flu lab det,quantile,0.25,26.6
2025-12-20,2025-12-13,-1,nb,pct wk flu lab det,quantile,0.5,29.7
2025-12-20,2025-12-13,-1,nb,pct wk flu lab det,quantile,0.75,33.2
2025-12-20,2025-12-13,-1,nb,pct wk flu lab det,quantile,0.9,36.4
2025-12-20,2025-12-13,-1,nb,pct wk flu lab det,quantile,0.975,39.9
2025-12-20,2025-12-20,0,nb,pct wk flu lab det,quantile,0.025,33.2
2025-12-20,2025-12-20,0,nb,pct wk flu lab det,quantile,0.1,40.5
2025-12-20,2025-12-20,0,nb,pct wk flu lab det,quantile,0.25,45.4
2025-12-20,2025-12-20,0,nb,pct wk flu lab det,quantile,0.5,51.1
2025-12-20,2025-12-20,0,nb,pct wk flu lab det,quantile,0.75,56.5
2025-12-20,2025-12-20,0,nb,pct wk flu lab det,quantile,0.9,59
2025-12-20,2025-12-20,0,nb,pct wk flu lab det,quantile,0.975,59
2025-12-20,2025-12-27,1,nb,pct wk flu lab det,quantile,0.025,34.2
2025-12-20,2025-12-27,1,nb,pct wk flu lab det,quantile,0.1,44.5
2025-12-20,2025-12-27,1,nb,pct wk flu lab det,quantile,0.25,51.1
2025-12-20,2025-12-27,1,nb,pct wk flu lab det,quantile,0.5,51.1
2025-12-20,2025-12-27,1,nb,pct wk flu lab det,quantile,0.75,51.1
2025-12-20,2025-12-27,1,nb,pct wk flu lab det,quantile,0.9,51.1
2025-12-20,2025-12-27,1,nb,pct wk flu lab det,quantile,0.975,51.1
2025-12-20,2026-01-03,2,nb,pct wk flu lab det,quantile,0.025,40.6
2025-12-20,2026-01-03,2,nb,pct wk flu lab det,quantile,0.1,51.1
2025-12-20,2026-01-03,2,nb,pct wk flu lab det,quantile,0.25,51.1
2025-12-20,2026-01-03,2,nb,pct wk flu lab det,quantile,0.5,51.1
2025-12-20,2026-01-03,2,nb,pct wk flu lab det,quantile,0.75,51.1
2025-12-20,2026-01-03,2,nb,pct wk flu lab det,quantile,0.9,51.1
2025-12-20,2026-01-03,2,nb,pct wk flu lab det,quantile,0.975,51.1
2025-12-20,2026-01-10,3,nb,pct wk flu lab det,quantile,0.025,46.6
2025-12-20,2026-01-10,3,nb,pct wk flu lab det,quantile,0.1,51.1
2025-12-20,2026-01-10,3,nb,pct wk flu lab det,quantile,0.25,51.1
2025-12-20,2026-01-10,3,nb,pct wk flu lab det,quantile,0.5,51.1
2025-12-20,2026-01-10,3,nb,pct wk flu lab det,quantile,0.75,51.1
2025-12-20,2026-01-10,3,nb,pct wk flu lab det,quantile,0.9,51.1
2025-12-20,2026-01-10,3,nb,pct wk flu lab det,quantile,0.975,51.1
2025-12-20,2025-12-13,-1,ns,pct wk flu lab det,quantile,0.025,4.9
2025-12-20,2025-12-13,-1,ns,pct wk flu lab det,quantile,0.1,6.2
2025-12-20,2025-12-13,-1,ns,pct wk flu lab det,quantile,0.25,7.8
2025-12-20,2025-12-13,-1,ns,pct wk flu lab det,quantile,0.5,9.5
2025-12-20,2025-12-13,-1,ns,pct wk flu lab det,quantile,0.75,11.1
2025-12-20,2025-12-13,-1,ns,pct wk flu lab det,quantile,0.9,12.5
2025-12-20,2025-12-13,-1,ns,pct wk flu lab det,quantile,0.975,14.2
2025-12-20,2025-12-20,0,ns,pct wk flu lab det,quantile,0.025,7
2025-12-20,2025-12-20,0,ns,pct wk flu lab det,quantile,0.1,9
2025-12-20,2025-12-20,0,ns,pct wk flu lab det,quantile,0.25,11.1
2025-12-20,2025-12-20,0,ns,pct wk flu lab det,quantile,0.5,13.1
2025-12-20,2025-12-20,0,ns,pct wk flu lab det,quantile,0.75,15.1
2025-12-20,2025-12-20,0,ns,pct wk flu lab det,quantile,0.9,17.2
2025-12-20,2025-12-20,0,ns,pct wk flu lab det,quantile,0.975,19.4
2025-12-20,2025-12-27,1,ns,pct wk flu lab det,quantile,0.025,5.7
2025-12-20,2025-12-27,1,ns,pct wk flu lab det,quantile,0.1,7.2
2025-12-20,2025-12-27,1,ns,pct wk flu lab det,quantile,0.25,8.7
2025-12-20,2025-12-27,1,ns,pct wk flu lab det,quantile,0.5,10.3
2025-12-20,2025-12-27,1,ns,pct wk flu lab det,quantile,0.75,12
2025-12-20,2025-12-27,1,ns,pct wk flu lab det,quantile,0.9,13.6
2025-12-20,2025-12-27,1,ns,pct wk flu lab det,quantile,0.975,15.6
2025-12-20,2026-01-03,2,ns,pct wk flu lab det,quantile,0.025,5.3
2025-12-20,2026-01-03,2,ns,pct wk flu lab det,quantile,0.1,6.7
2025-12-20,2026-01-03,2,ns,pct wk flu lab det,quantile,0.25,7.9
2025-12-20,2026-01-03,2,ns,pct wk flu lab det,quantile,0.5,9.5
2025-12-20,2026-01-03,2,ns,pct wk flu lab det,quantile,0.75,11.3
2025-12-20,2026-01-03,2,ns,pct wk flu lab det,quantile,0.9,12.9
2025-12-20,2026-01-03,2,ns,pct wk flu lab det,quantile,0.975,14.8
2025-12-20,2026-01-10,3,ns,pct wk flu lab det,quantile,0.025,6.5
2025-12-20,2026-01-10,3,ns,pct wk flu lab det,quantile,0.1,8.3
2025-12-20,2026-01-10,3,ns,pct wk flu lab det,quantile,0.25,9.9
2025-12-20,2026-01-10,3,ns,pct wk flu lab det,quantile,0.5,12
2025-12-20,2026-01-10,3,ns,pct wk flu lab det,quantile,0.75,14.4
2025-12-20,2026-01-10,3,ns,pct wk flu lab det,quantile,0.9,16.8
2025-12-20,2026-01-10,3,ns,pct wk flu lab det,quantile,0.975,16.8
2025-12-20,2025-12-13,-1,on,pct wk flu lab det,quantile,0.025,19.4
2025-12-20,2025-12-13,-1,on,pct wk flu lab det,quantile,0.1,23.5
2025-12-20,2025-12-13,-1,on,pct wk flu lab det,quantile,0.25,27.2
2025-12-20,2025-12-13,-1,on,pct wk flu lab det,quantile,0.5,31.3
2025-12-20,2025-12-13,-1,on,pct wk flu lab det,quantile,0.75,35.4
2025-12-20,2025-12-13,-1,on,pct wk flu lab det,quantile,0.9,38.2
2025-12-20,2025-12-13,-1,on,pct wk flu lab det,quantile,0.975,38.2
2025-12-20,2025-12-20,0,on,pct wk flu lab det,quantile,0.025,27.1
2025-12-20,2025-12-20,0,on,pct wk flu lab det,quantile,0.1,31.9
2025-12-20,2025-12-20,0,on,pct wk flu lab det,quantile,0.25,36.6
2025-12-20,2025-12-20,0,on,pct wk flu lab det,quantile,0.5,38.2
2025-12-20,2025-12-20,0,on,pct wk flu lab det,quantile,0.75,38.2
2025-12-20,2025-12-20,0,on,pct wk flu lab det,quantile,0.9,38.2
2025-12-20,2025-12-20,0,on,pct wk flu lab det,quantile,0.975,38.2
2025-12-20,2025-12-27,1,on,pct wk flu lab det,quantile,0.025,35.1
2025-12-20,2025-12-27,1,on,pct wk flu lab det,quantile,0.1,38.2
2025-12-20,2025-12-27,1,on,pct wk flu lab det,quantile,0.25,38.2
2025-12-20,2025-12-27,1,on,pct wk flu lab det,quantile,0.5,38.2
2025-12-20,2025-12-27,1,on,pct wk flu lab det,quantile,0.75,38.2
2025-12-20,2025-12-27,1,on,pct wk flu lab det,quantile,0.9,38.2
2025-12-20,2025-12-27,1,on,pct wk flu lab det,quantile,0.975,38.2
2025-12-20,2026-01-03,2,on,pct wk flu lab det,quantile,0.025,38.2
2025-12-20,2026-01-03,2,on,pct wk flu lab det,quantile,0.1,38.2
2025-12-20,2026-01-03,2,on,pct wk flu lab det,quantile,0.25,38.2
2025-12-20,2026-01-03,2,on,pct wk flu lab det,quantile,0.5,38.2
2025-12-20,2026-01-03,2,on,pct wk flu lab det,quantile,0.75,38.2
2025-12-20,2026-01-03,2,on,pct wk flu lab det,quantile,0.9,38.2
2025-12-20,2026-01-03,2,on,pct wk flu lab det,quantile,0.975,38.2
2025-12-20,2026-01-10,3,on,pct wk flu lab det,quantile,0.025,38.2
2025-12-20,2026-01-10,3,on,pct wk flu lab det,quantile,0.1,38.2
2025-12-20,2026-01-10,3,on,pct wk flu lab det,quantile,0.25,38.2
2025-12-20,2026-01-10,3,on,pct wk flu lab det,quantile,0.5,38.2
2025-12-20,2026-01-10,3,on,pct wk flu lab det,quantile,0.75,38.2
2025-12-20,2026-01-10,3,on,pct wk flu lab det,quantile,0.9,38.2
2025-12-20,2026-01-10,3,on,pct wk flu lab det,quantile,0.975,38.2
2025-12-20,2025-12-13,-1,prairies,pct wk flu lab det,quantile,0.025,22.8
2025-12-20,2025-12-13,-1,prairies,pct wk flu lab det,quantile,0.1,26.1
2025-12-20,2025-12-13,-1,prairies,pct wk flu lab det,quantile,0.25,29.2
2025-12-20,2025-12-13,-1,prairies,pct wk flu lab det,quantile,0.5,32.4
2025-12-20,2025-12-13,-1,prairies,pct wk flu lab det,quantile,0.75,35.4
2025-12-20,2025-12-13,-1,prairies,pct wk flu lab det,quantile,0.9,38.2
2025-12-20,2025-12-13,-1,prairies,pct wk flu lab det,quantile,0.975,38.5
2025-12-20,2025-12-20,0,prairies,pct wk flu lab det,quantile,0.025,24.7
2025-12-20,2025-12-20,0,prairies,pct wk flu lab det,quantile,0.1,28.3
2025-12-20,2025-12-20,0,prairies,pct wk flu lab det,quantile,0.25,31
2025-12-20,2025-12-20,0,prairies,pct wk flu lab det,quantile,0.5,31
2025-12-20,2025-12-20,0,prairies,pct wk flu lab det,quantile,0.75,31
2025-12-20,2025-12-20,0,prairies,pct wk flu lab det,quantile,0.9,31
2025-12-20,2025-12-20,0,prairies,pct wk flu lab det,quantile,0.975,31
2025-12-20,2025-12-27,1,prairies,pct wk flu lab det,quantile,0.025,38
2025-12-20,2025-12-27,1,prairies,pct wk flu lab det,quantile,0.1,38
2025-12-20,2025-12-27,1,prairies,pct wk flu lab det,quantile,0.25,38
2025-12-20,2025-12-27,1,prairies,pct wk flu lab det,quantile,0.5,38
2025-12-20,2025-12-27,1,prairies,pct wk flu lab det,quantile,0.75,38
2025-12-20,2025-12-27,1,prairies,pct wk flu lab det,quantile,0.9,38
2025-12-20,2025-12-27,1,prairies,pct wk flu lab det,quantile,0.975,38
2025-12-20,2026-01-03,2,prairies,pct wk flu lab det,quantile,0.025,38.3
2025-12-20,2026-01-03,2,prairies,pct wk flu lab det,quantile,0.1,38.3
2025-12-20,2026-01-03,2,prairies,pct wk flu lab det,quantile,0.25,38.3
2025-12-20,2026-01-03,2,prairies,pct wk flu lab det,quantile,0.5,38.3
2025-12-20,2026-01-03,2,prairies,pct wk flu lab det,quantile,0.75,38.3
2025-12-20,2026-01-03,2,prairies,pct wk flu lab det,quantile,0.9,38.3
2025-12-20,2026-01-03,2,prairies,pct wk flu lab det,quantile,0.975,38.3
2025-12-20,2026-01-10,3,prairies,pct wk flu lab det,quantile,0.025,38.3
2025-12-20,2026-01-10,3,prairies,pct wk flu lab det,quantile,0.1,38.3
2025-12-20,2026-01-10,3,prairies,pct wk flu lab det,quantile,0.25,38.3
2025-12-20,2026-01-10,3,prairies,pct wk flu lab det,quantile,0.5,38.3
2025-12-20,2026-01-10,3,prairies,pct wk flu lab det,quantile,0.75,38.3
2025-12-20,2026-01-10,3,prairies,pct wk flu lab det,quantile,0.9,38.3
2025-12-20,2026-01-10,3,prairies,pct wk flu lab det,quantile,0.975,38.3
2025-12-20,2025-12-13,-1,qc,pct wk flu lab det,quantile,0.025,16.3
2025-12-20,2025-12-13,-1,qc,pct wk flu lab det,quantile,0.1,19.8
2025-12-20,2025-12-13,-1,qc,pct wk flu lab det,quantile,0.25,22.7
2025-12-20,2025-12-13,-1,qc,pct wk flu lab det,quantile,0.5,26.2
2025-12-20,2025-12-13,-1,qc,pct wk flu lab det,quantile,0.75,29.7
2025-12-20,2025-12-13,-1,qc,pct wk flu lab det,quantile,0.9,32.8
2025-12-20,2025-12-13,-1,qc,pct wk flu lab det,quantile,0.975,36
2025-12-20,2025-12-20,0,qc,pct wk flu lab det,quantile,0.025,23.5
2025-12-20,2025-12-20,0,qc,pct wk flu lab det,quantile,0.1,28.9
2025-12-20,2025-12-20,0,qc,pct wk flu lab det,quantile,0.25,32.9
2025-12-20,2025-12-20,0,qc,pct wk flu lab det,quantile,0.5,37.3
2025-12-20,2025-12-20,0,qc,pct wk flu lab det,quantile,0.75,42.9
2025-12-20,2025-12-20,0,qc,pct wk flu lab det,quantile,0.9,46.2
2025-12-20,2025-12-20,0,qc,pct wk flu lab det,quantile,0.975,46.2
2025-12-20,2025-12-27,1,qc,pct wk flu lab det,quantile,0.025,27.1
2025-12-20,2025-12-27,1,qc,pct wk flu lab det,quantile,0.1,32.9
2025-12-20,2025-12-27,1,qc,pct wk flu lab det,quantile,0.25,37.6
2025-12-20,2025-12-27,1,qc,pct wk flu lab det,quantile,0.5,38.9
2025-12-20,2025-12-27,1,qc,pct wk flu lab det,quantile,0.75,38.9
2025-12-20,2025-12-27,1,qc,pct wk flu lab det,quantile,0.9,38.9
2025-12-20,2025-12-27,1,qc,pct wk flu lab det,quantile,0.975,38.9
2025-12-20,2026-01-03,2,qc,pct wk flu lab det,quantile,0.025,34.2
2025-12-20,2026-01-03,2,qc,pct wk flu lab det,quantile,0.1,38.9
2025-12-20,2026-01-03,2,qc,pct wk flu lab det,quantile,0.25,38.9
2025-12-20,2026-01-03,2,qc,pct wk flu lab det,quantile,0.5,38.9
2025-12-20,2026-01-03,2,qc,pct wk flu lab det,quantile,0.75,38.9
2025-12-20,2026-01-03,2,qc,pct wk flu lab det,quantile,0.9,38.9
2025-12-20,2026-01-03,2,qc,pct wk flu lab det,quantile,0.975,38.9
2025-12-20,2026-01-10,3,qc,pct wk flu lab det,quantile,0.025,38.9
2025-12-20,2026-01-10,3,qc,pct wk flu lab det,quantile,0.1,38.9
2025-12-20,2026-01-10,3,qc,pct wk flu lab det,quantile,0.25,38.9
2025-12-20,2026-01-10,3,qc,pct wk flu lab det,quantile,0.5,38.9
2025-12-20,2026-01-10,3,qc,pct wk flu lab det,quantile,0.75,38.9
2025-12-20,2026-01-10,3,qc,pct wk flu lab det,quantile,0.9,38.9
2025-12-20,2026-01-10,3,qc,pct wk flu lab det,quantile,0.975,38.9
2025-12-20,2025-12-13,-1,sk,pct wk flu lab det,quantile,0.025,28.1
2025-12-20,2025-12-13,-1,sk,pct wk flu lab det,quantile,0.1,32.3
2025-12-20,2025-12-13,-1,sk,pct wk flu lab det,quantile,0.25,36
2025-12-20,2025-12-13,-1,sk,pct wk flu lab det,quantile,0.5,39.8
2025-12-20,2025-12-13,-1,sk,pct wk flu lab det,quantile,0.75,39.8
2025-12-20,2025-12-13,-1,sk,pct wk flu lab det,quantile,0.9,39.8
2025-12-20,2025-12-13,-1,sk,pct wk flu lab det,quantile,0.975,39.8
2025-12-20,2025-12-20,0,sk,pct wk flu lab det,quantile,0.025,39
2025-12-20,2025-12-20,0,sk,pct wk flu lab det,quantile,0.1,39.8
2025-12-20,2025-12-20,0,sk,pct wk flu lab det,quantile,0.25,39.8
2025-12-20,2025-12-20,0,sk,pct wk flu lab det,quantile,0.5,39.8
2025-12-20,2025-12-20,0,sk,pct wk flu lab det,quantile,0.75,39.8
2025-12-20,2025-12-20,0,sk,pct wk flu lab det,quantile,0.9,39.8
2025-12-20,2025-12-20,0,sk,pct wk flu lab det,quantile,0.975,39.8
2025-12-20,2025-12-27,1,sk,pct wk flu lab det,quantile,0.025,39.8
2025-12-20,2025-12-27,1,sk,pct wk flu lab det,quantile,0.1,39.8
2025-12-20,2025-12-27,1,sk,pct wk flu lab det,quantile,0.25,39.8
2025-12-20,2025-12-27,1,sk,pct wk flu lab det,quantile,0.5,39.8
2025-12-20,2025-12-27,1,sk,pct wk flu lab det,quantile,0.75,39.8
2025-12-20,2025-12-27,1,sk,pct wk flu lab det,quantile,0.9,39.8
2025-12-20,2025-12-27,1,sk,pct wk flu lab det,quantile,0.975,39.8
2025-12-20,2026-01-03,2,sk,pct wk flu lab det,quantile,0.025,39.8
2025-12-20,2026-01-03,2,sk,pct wk flu lab det,quantile,0.1,39.8
2025-12-20,2026-01-03,2,sk,pct wk flu lab det,quantile,0.25,39.8
2025-12-20,2026-01-03,2,sk,pct wk flu lab det,quantile,0.5,39.8
2025-12-20,2026-01-03,2,sk,pct wk flu lab det,quantile,0.75,39.8
2025-12-20,2026-01-03,2,sk,pct wk flu lab det,quantile,0.9,39.8
2025-12-20,2026-01-03,2,sk,pct wk flu lab det,quantile,0.975,39.8
2025-12-20,2026-01-10,3,sk,pct wk flu lab det,quantile,0.025,39.8
2025-12-20,2026-01-10,3,sk,pct wk flu lab det,quantile,0.1,39.8
2025-12-20,2026-01-10,3,sk,pct wk flu lab det,quantile,0.25,39.8
2025-12-20,2026-01-10,3,sk,pct wk flu lab det,quantile,0.5,39.8
2025-12-20,2026-01-10,3,sk,pct wk flu lab det,quantile,0.75,39.8
2025-12-20,2026-01-10,3,sk,pct wk flu lab det,quantile,0.9,39.8
2025-12-20,2026-01-10,3,sk,pct wk flu lab det,quantile,0.975,39.8
2025-12-20,2025-12-13,-1,territories,pct wk flu lab det,quantile,0.025,18.7
2025-12-20,2025-12-13,-1,territories,pct wk flu lab det,quantile,0.1,22.6
2025-12-20,2025-12-13,-1,territories,pct wk flu lab det,quantile,0.25,25.9
2025-12-20,2025-12-13,-1,territories,pct wk flu lab det,quantile,0.5,29.6
2025-12-20,2025-12-13,-1,territories,pct wk flu lab det,quantile,0.75,32.9
2025-12-20,2025-12-13,-1,territories,pct wk flu lab det,quantile,0.9,35.9
2025-12-20,2025-12-13,-1,territories,pct wk flu lab det,quantile,0.975,40.1
2025-12-20,2025-12-20,0,territories,pct wk flu lab det,quantile,0.025,25.5
2025-12-20,2025-12-20,0,territories,pct wk flu lab det,quantile,0.1,30.5
2025-12-20,2025-12-20,0,territories,pct wk flu lab det,quantile,0.25,34.9
2025-12-20,2025-12-20,0,territories,pct wk flu lab det,quantile,0.5,39.1
2025-12-20,2025-12-20,0,territories,pct wk flu lab det,quantile,0.75,43.4
2025-12-20,2025-12-20,0,territories,pct wk flu lab det,quantile,0.9,48.1
2025-12-20,2025-12-20,0,territories,pct wk flu lab det,quantile,0.975,53
2025-12-20,2025-12-27,1,territories,pct wk flu lab det,quantile,0.025,34.6
2025-12-20,2025-12-27,1,territories,pct wk flu lab det,quantile,0.1,40.6
2025-12-20,2025-12-27,1,territories,pct wk flu lab det,quantile,0.25,46.9
2025-12-20,2025-12-27,1,territories,pct wk flu lab det,quantile,0.5,53.1
2025-12-20,2025-12-27,1,territories,pct wk flu lab det,quantile,0.75,56.5
2025-12-20,2025-12-27,1,territories,pct wk flu lab det,quantile,0.9,56.5
2025-12-20,2025-12-27,1,territories,pct wk flu lab det,quantile,0.975,56.5
2025-12-20,2026-01-03,2,territories,pct wk flu lab det,quantile,0.025,42.7
2025-12-20,2026-01-03,2,territories,pct wk flu lab det,quantile,0.1,52.1
2025-12-20,2026-01-03,2,territories,pct wk flu lab det,quantile,0.25,56.5
2025-12-20,2026-01-03,2,territories,pct wk flu lab det,quantile,0.5,56.5
2025-12-20,2026-01-03,2,territories,pct wk flu lab det,quantile,0.75,56.5
2025-12-20,2026-01-03,2,territories,pct wk flu lab det,quantile,0.9,56.5
2025-12-20,2026-01-03,2,territories,pct wk flu lab det,quantile,0.975,56.5
2025-12-20,2026-01-10,3,territories,pct wk flu lab det,quantile,0.025,54.3
2025-12-20,2026-01-10,3,territories,pct wk flu lab det,quantile,0.1,56.5
2025-12-20,2026-01-10,3,territories,pct wk flu lab det,quantile,0.25,56.5
2025-12-20,2026-01-10,3,territories,pct wk flu lab det,quantile,0.5,56.5
2025-12-20,2026-01-10,3,territories,pct wk flu lab det,quantile,0.75,56.5
2025-12-20,2026-01-10,3,territories,pct wk flu lab det,quantile,0.9,56.5
2025-12-20,2026-01-10,3,territories,pct wk flu lab det,quantile,0.975,56.5
